0.37455638671685393,0.34796222273943456,0.5999420902399223,,,
0.238105852021376,0.03810840653717031,1.248349039814225,,,1
1.146203175247583,0.17838742304605518,0.1397272400613779,1,,
1.315638637571731,0.4242093333507358,0.7161074881717822,1,1,1
1.4958807825227982,0.08535231227485884,0.06509113059645902,1,,
0.5256555214192856,0.560823493278468,0.8877233077991905,,1,1
1.2711796848040535,0.3125568015066094,0.0674972437407839,1,,
0.6155771947980235,0.48449390199633546,0.08751178903572412,,1,
1.2456668170133482,0.21933297424838752,0.2243313797614805,1,,
0.5081275048498275,0.09958703615456987,0.42292781806828583,,,
0.36314448554378914,0.5941297188700664,0.010130201455684152,,1,
1.3242423129565444,0.3683920538745444,0.41730947473691304,1,,
1.1236539628977902,0.2681373189241481,0.8663969643276714,1,,1
0.8850113771892436,0.05130130569378883,0.6203453129475903,,,1
0.867475565874535,0.04364592205939992,1.4911356759999899,,,1
1.5395493570920724,0.4781990842643792,0.3781622685870902,1,1,
0.3783241704467472,0.45659840070395574,1.027136942602615,,1,1
0.9708914047061088,0.5608569657787343,0.37481577909401914,,1,
1.3455256179366133,0.26583659891845335,0.4053483734007552,1,,
0.47065454778641164,0.12971459325819676,1.7261052954099394,,,1
1.7162188374570082,0.3105307078640217,1.353367138651341,1,,1
1.486475147162344,0.4534598233328044,1.3419094712231692,1,1,1
1.0329063504316651,0.5915030546097754,1.5220632012715984,1,1,1
0.6545319661028066,0.18716022178607314,0.29368284843465786,,,
0.5762579823538028,0.5533207182629601,0.08952789863456793,,1,
0.5723080078743921,0.36796183351754336,1.6270590570416135,,,1
0.7712012260581688,0.49406711269575665,1.5261100387875983,,1,1
1.336720085515597,0.12602998178522,1.536392017865792,1,,1
0.6681000670703464,0.011998921018764786,0.43347047424231966,,,
0.7693615231915262,0.1848193286960825,1.6087083259249018,,,1
1.6002867747785112,0.33613495060029164,1.4831750352386832,1,,1
0.1652008603813355,0.20792941981605853,1.0736363195438337,,,1
1.3030408978288477,0.277755588802311,1.6861706447623415,1,,1
1.6322505964567828,0.19803760402987985,1.69349780887726,1,,1
1.022722336960324,0.07647938868412571,1.452210668818326,1,,1
0.5832972401349367,0.5843532874918836,0.9213533722249743,,1,1
0.9005198140935124,0.4558706790946388,0.009262549309930068,,1,
0.44597257449767824,0.5905016868071145,0.9163324067958133,,1,1
0.7566107317946682,0.11758323913968372,0.17638401982014837,,,
1.1246751987062833,0.39407136363840994,0.6870247244148909,1,,1
1.318257268785111,0.4770553189418041,1.2932026279077902,1,1,1
0.7443841323851238,0.18178476662710458,0.750040581860952,,,1
0.7400825173854638,0.4811518173855669,0.18211707993876425,,1,
0.6602104258992663,0.09148735016947844,0.989921897695922,,,1
0.5323461079714179,0.2453774908796346,0.6025688270890416,,,1
0.7059220012980448,0.49577257809850095,1.0661714849093957,,1,1
0.3235268273335816,0.43006033504680335,1.517701183891278,,1,1
0.9223572610311374,0.29793880958002317,1.1778561260686602,,,1
1.4037189786174893,0.1847898132140827,0.5352690523199118,1,,
0.8402108030105908,0.27190509424011644,0.5680037770268546,,,
1.3213884051376137,0.40884805287583537,0.2828997950516871,1,1,
0.8068591200165113,0.201666254913552,0.23857052267738096,,,
1.393804876151732,0.30009429932822346,0.4570158511738168,1,,
1.1409216177130987,0.12954955718934558,1.4040504491776484,1,,1
0.672417965843786,0.14580117344693902,0.4750450660670728,,,
1.2349827980492818,0.04960752696862758,1.774938007069461,1,,1
1.7610758555467292,0.5220703948156141,1.7352053514517893,1,1,1
0.5713187217189898,0.5666624243516031,0.029395358240588122,,1,
1.5766463695326942,0.37712356051573886,0.20536749833445098,1,,
0.1850248186563904,0.01085423084094792,1.3169661740316645,,,1
0.32477385719551694,0.4037553887851557,0.7858069300604935,,1,1
0.1294574592055276,0.1759830082387669,1.4769132256718627,,,1
1.297017764810652,0.1670362350042985,0.010878013478981253,1,,
1.5654531610317641,0.17216788945938646,0.6429525155700689,1,,1
0.2004135429789706,0.5750099333177252,1.759528051537328,,1,1
0.18957739788016437,0.07368569692637325,0.41367380150809274,,,
0.664519541657006,0.3112424270193611,1.7431950606095978,,,1
0.08641857787626404,0.3471919925212393,0.15410058077602523,,,
1.5341317939893881,0.4126759273379069,0.9922093659862127,1,1,1
0.910573256184891,0.15889516255162353,1.2719383145686936,,,1
0.17998596712790343,0.37507960936877555,1.4642790805470869,,,1
0.495521496960062,0.0775715380701026,0.7268529116656358,,,1
1.7992600464169073,0.569370580292712,0.37652900129055594,1,1,
1.1898029979793918,0.18197905760260802,0.18241434977421558,1,,
1.2859069233399254,0.18578516270322737,0.7197098647296176,1,,1
1.0816334308640692,0.30881235606852075,1.5177851657369632,1,,1
0.5393505462671855,0.2855551631711573,0.7164828374574114,,,1
0.232092915141354,0.15198331676062213,0.9316793762740333,,,1
0.8114802076589249,0.4504083856566613,0.9392340805818259,,1,1
0.524771038123228,0.06374319580829477,1.3961904059414032,,,1
1.6118107899023375,0.21083458153924686,1.3377386073407456,1,,1
0.5378985139215602,0.18047193363921205,0.5425389321070537,,,
0.8703880408526451,0.10270863172498552,1.658629390168397,,,1
0.6121597361291531,0.4331297179629664,0.8920521802564058,,1,1
1.3691740314609986,0.2261959416146305,0.1442778092175575,1,,
0.27286624968534345,0.5201515326862137,1.7021072609135608,,1,1
1.1919973322051238,0.576538226196294,0.3184918843503453,1,1,
1.3219262319645249,0.5241391470330486,0.8400598072725193,1,1,1
1.1819544805048625,0.25144688024273554,1.2346208543881316,1,,1
0.054175577189247794,0.09271600835275824,1.487515286940771,,,1
0.13293981104475236,0.5232063670998628,1.543240232167071,,1,1
0.6834894578386065,0.3138904066728748,1.088423193055771,,,1
1.16252093928794,0.5622032485394811,1.2894570824411622,1,1,1
0.9295463888775325,0.48438816447744115,1.0101406139965847,,1,1
0.9403782182581875,0.4710746671808091,0.22170892080062038,,1,
0.9662597351952745,0.5567953891425833,0.5898002763534136,,1,
1.698039154807573,0.4360657521317414,0.1773076440140442,1,1,
1.321719110893081,0.03940874825366174,0.25306219595236096,1,,
1.399313142366566,0.16857291110267753,0.14242994164235412,1,,
0.8538118514122562,0.08504590543418235,0.12388546132975745,,,
0.5262025188120416,0.11595173735350028,1.4304577190993772,,,1
1.5514549538731865,0.5920692706818587,0.9547673560113793,1,1,1
1.638095679182339,0.08354892146700567,1.43677969634238,1,,1
0.08355547930142677,0.5198912701915608,0.055925833580852416,,1,
1.0618111590667954,0.33526851654098694,1.0259220139459777,1,,1
1.4696702638531685,0.021294921398635733,1.669136755792768,1,,1
0.6013678871050306,0.15152740594057756,0.10712145727988549,,,
1.22639486435624,0.20226955488874618,0.09852978644596655,1,,
0.9453633093594624,0.5208811317692139,0.23809958631926204,,1,
0.11901919577104492,0.49415502487044394,0.057501783888302675,,1,
0.848832575383829,0.20546174860193134,0.48517015306883543,,,
1.7066946495588526,0.26515535335327006,0.8009663124447016,1,,1
1.3833661440454914,0.3479048406408091,0.2898641229348234,1,,
1.0549335857974547,0.43393977224448976,1.440681503559163,1,1,1
0.7272833648566859,0.48382871805427097,0.14954920667665592,,1,
1.6198443444628046,0.1712625548628027,1.2633645414184598,1,,1
0.211535440660522,0.011919642959733667,1.6439728150328636,,,1
0.6321163930830411,0.24019102280668225,0.6075696649885566,,,1
1.354368843968123,0.42838932017687964,0.5767188730626688,1,1,
0.5762172117514507,0.3113251539656932,0.20560100164740203,,,
0.48514023216030877,0.25989079014765454,1.6722630439339552,,,1
0.9738452576334485,0.013888911450547891,1.7072873023351098,,,1
0.6742794566034983,0.39842589828286384,1.2433851449178563,,,1
0.18330408370448056,0.12594712223147883,1.5105752526189429,,,1
0.5084999674913966,0.29268441646771054,0.28589036401029155,,,
1.413313057257861,0.26738221727427464,0.10706934604191412,1,,
1.6196250149790172,0.3437254865440743,1.3787499201831415,1,,1
0.578129635500872,0.10450549267222765,0.4092198287745766,,,
0.8267314768703594,0.06318631903339511,1.22693813508066,,,1
1.0278001739296518,0.10376915777977593,1.4282891174332029,1,,1
0.812286502814491,0.42288766547960577,1.4698362604499815,,1,1
0.8248250916141958,0.5933083886796712,1.4383543888416999,,1,1
1.2539121398243078,0.08947405285492453,0.3508317237944404,1,,
0.8137404602429165,0.016423474344526068,0.8041158272409237,,,1
0.5012124903496484,0.0812149420342642,0.5551703909525088,,,
1.1371618181117669,0.29397145474138736,0.1750053467284076,1,,
0.8941835355733859,0.4758548317789567,0.7284523502359856,,1,1
0.4305510042031555,0.0760844502623657,1.1510625827296905,,,1
1.3138383602663066,0.3869117528384096,0.7276795982354046,1,,1
0.5109743819953048,0.5137486083245788,0.3239395846343952,,1,
0.20669070930642094,0.3389122913770812,0.20857716468830492,,,
0.2351859354896803,0.14640541363104836,0.6234421965852562,,,1
0.2854150646844891,0.41951062471775213,1.5171890863803152,,1,1
0.6348357482595633,0.30909825606827124,0.12139441180547923,,,
1.0067466980299813,0.320114368377831,0.7970721915399449,1,,1
0.5850470425857768,0.11500240264619878,0.9878453197492792,,,1
1.1812875101332485,0.06595649305128816,0.2677035991015378,1,,
1.176594984694128,0.30043959479725213,1.483550581602972,1,,1
1.5624197834039177,0.4370255178800383,0.29313508462501014,1,1,
0.1929558676229198,0.5203227716951201,0.7500809295874649,,1,1
0.8978984991942454,0.19633090618898313,0.266557527988273,,,
0.2558117224373078,0.3013269800308222,1.0321750154876068,,,1
1.036544919304645,0.44134293658744217,1.6026045066775374,1,1,1
0.31843589198129546,0.35772465975619333,0.7380835310360951,,,1
0.6074981331473773,0.3583231044149615,0.8379302877843432,,,1
0.23321974959961167,0.0008061338175562538,0.7461727598727877,,,1
1.674213113720394,0.3392163062406663,0.6912673197277835,1,,1
0.05343178445670971,0.4641389699018091,1.1458738290058763,,1,1
0.9611588101675539,0.5040888822968252,0.8502130438503566,,1,1
0.07668484655078026,0.25187374561460735,1.0348812919809975,,,1
1.269674087973392,0.34953810153984266,1.0045227464666588,1,,1
0.5264854205925786,0.37624749189315165,0.016511178734946497,,,
0.12450794204811964,0.2934819984192213,0.7612461601086185,,,1
0.9100751326978943,0.5177748674496573,0.8171456910382799,,1,1
1.2874685205402114,0.011066369150640475,1.682066808798349,1,,1
1.1735768355039202,0.4800905663414465,0.7699259644209935,1,1,1
1.7003223532711746,0.2041279051098662,1.7759435292070465,1,,1
1.7724161069188396,0.05982549248709514,0.004416380923844221,1,,
0.038349342551395285,0.01195893887037105,1.2613668792749353,,,1
0.08550838173125484,0.2511105385323344,0.6197745713105254,,,1
0.3498226025848622,0.5874591520062913,0.14413716248525607,,1,
0.4440753810875417,0.38070995028306526,1.483407478628043,,,1
1.2082889189303199,0.07343458605912902,1.1355291991724021,1,,1
1.5616305955899528,0.1610388788334619,0.7758024185152194,1,,1
0.15083005556566598,0.5849294553108338,1.6184841837680102,,1,1
1.6409180552060896,0.5385360207889043,0.6636937786003038,1,1,1
0.31360770155052264,0.0264307514315943,1.1008580259475067,,,1
0.2889448839669865,0.5639974163578668,0.16878920279912715,,1,
0.6326331627931322,0.5709068248724706,0.9829052025032812,,1,1
1.0629334644090953,0.3485799065399742,1.6686143845441888,1,,1
0.2409978514794818,0.08565463071645792,1.0841579640606567,,,1
0.5374849736459505,0.4937282000618584,0.8090400066021151,,1,1
1.5743821335601385,0.27873619139285516,1.7026130460821893,1,,1
0.21670348364878023,0.4385645398306858,0.8321044607202982,,1,1
1.407142427946337,0.2787928681017419,1.2414566137151446,1,,1
0.09712791492930993,0.20504895159379702,1.1426377144756719,,,1
0.6708991165129137,0.3954838490891039,1.2174429744692077,,,1
1.6931197421211819,0.13447666894033,0.26865288302333384,1,,
0.7231501270389763,0.3885127108402228,0.7349113665050135,,,1
0.027851909302373003,0.38756831252793295,1.7069425102527964,,,1
0.6949339767431333,0.1772805942665082,1.2934473096649886,,,1
1.7271356733402328,0.3569909230703904,0.7266377907812392,1,,1
0.8568316247563772,0.08597839476352571,0.9829086983558406,,,1
1.0098633653937084,0.465781318372168,1.3887726662320954,1,1,1
0.0702766420504178,0.4980564234949261,0.9332558871970347,,1,1
1.457011932318756,0.34471151746489026,1.4446080330067552,1,,1
0.21809014676478122,0.28690722991327944,0.6235494948763606,,,1
0.9928736239351331,0.30722290291330184,1.1744134204509105,,,1
0.5862408825642051,0.18256683502797588,1.2202666740469086,,,1
1.156630390933184,0.5041247599771893,1.5053981485120238,1,1,1
0.4677039875280934,0.19599206954935128,1.071796904373754,,,1
0.7629917888000955,0.10009291006718286,1.0644506869529364,,,1
0.5770362887682234,0.5582548859123362,0.4432584621155942,,1,
0.775300578950486,0.41533568755512096,0.360272076256753,,1,
0.6028616787037708,0.379004160528827,1.5665378633251192,,,1
0.9824914380119891,0.22728131370263782,1.4319200703417991,,,1
0.7291735076088416,0.06587620438833376,0.8010251600681131,,,1
1.4236423298273115,0.4533345125037608,0.5527145429995586,1,1,
0.67491334157869,0.5832851049419515,1.6461187804423838,,1,1
0.7567013395459161,0.5725871189061366,1.239184054827066,,1,1
0.1060707721273553,0.2087805785848466,1.367041391485646,,,1
0.014185111570780617,0.08390936643685747,1.3671483431240554,,,1
0.39291242086488704,0.2033053700440016,0.6300669735014652,,,1
1.2744805963841586,0.00942642894961636,0.8005083319267494,1,,1
1.2804191812974222,0.5764911962908622,1.5820081932236174,1,1,1
0.5046730434834458,0.011566252124408316,0.3249137091745082,,,
1.3161097984533705,0.034873861650393946,1.1412850078226864,1,,1
1.2529327258634702,0.11634833551157547,1.1980720667769353,1,,1
0.5420499900934401,0.5678466876075734,0.6203356191207596,,1,1
0.6031825409415635,0.5676570113404034,0.8842507648447523,,1,1
0.39002403865078095,0.1473333824309187,0.2122615604811204,,,
1.6303694107656004,0.35156520709481703,0.8680998540693251,1,,1
1.7728030838402098,0.42912665293797453,1.5993847445433853,1,1,1
1.7957931380065744,0.33415968996925355,1.0385223497126692,1,,1
0.6631374933011673,0.3298389190936482,1.2454441214079095,,,1
0.6014621368153833,0.42635471454478374,1.1282831282366779,,1,1
0.5059844895385218,0.1199831777734327,0.7218326400332201,,,1
1.2632471931893618,0.5736182376271353,0.19249918162417762,1,1,
1.5453768827704355,0.0551521625998324,1.561080960305438,1,,1
0.32716124502732186,0.32168559340360864,0.22946188826993405,,,
1.1890658908258904,0.573972410298096,0.9789118172408916,1,1,1
1.501158711300901,0.2375439409447827,0.3905402868735273,1,,
1.7262578147994412,0.032361280572844396,1.4747874191654855,1,,1
1.1790327233992555,0.17188813672303,0.20859384634898392,1,,
1.0039067639758363,0.3976733042915805,1.5351506225457718,1,,1
0.026318619199104745,0.30014560991671774,1.0554722707773327,,,1
0.7345035773097058,0.5200224934154105,1.7352053641374023,,1,1
0.72265888822657,0.5460831200928811,0.0326848035055308,,1,
0.4435092247303286,0.49037006331463595,0.013233997797341112,,1,
1.1157321985282247,0.1700330161194882,0.4023847074484812,1,,
0.033568181571635415,0.06652663673552141,0.4974499608324639,,,
0.9281687470821582,0.09654820097998426,1.491150048762151,,,1
0.35540859938465635,0.21854358685778255,1.3634234521714261,,,1
0.24007106334673348,0.19990145277254776,0.05233397273137117,,,
0.5843284457306607,0.3285984247810944,1.2020181543696224,,,1
0.7964834502774328,0.06507561992539913,1.1206201989387519,,,1
0.8521218757937132,0.28984879760887955,1.2875891341965924,,,1
0.5754783657093,0.38682193930169306,0.01901641843605768,,,
0.3169299651009855,0.31889900326150283,0.8347031383942559,,,1
1.297698139914322,0.1362426768210702,0.7269225634267421,1,,1
0.6666682920990044,0.4933985548795985,1.4458757223358933,,1,1
1.324635925706711,0.20475517242642394,1.4210054316191667,1,,1
0.7802109854089175,0.2774879857697982,1.3152541889859977,,,1
0.3563899963008213,0.18728928154382987,0.7291598088219293,,,1
0.4862506572377561,0.3950256271254707,1.7122176359493442,,,1
1.0628522585809232,0.2270493471323871,1.3216539091354114,1,,1
0.6544454733515742,0.30855360921038194,0.9224129152669118,,,1
1.2334861008436013,0.5552245065558967,0.9606323434788357,1,1,1
0.5601017190561701,0.40785305983323134,1.097031514891615,,1,1
1.7445599315650977,0.23412088165637956,0.8782592923852085,1,,1
1.094300072290493,0.45140870311001735,1.0177343320244223,1,1,1
0.3473830857866242,0.15860269669432908,0.5414289980117263,,,
1.547183666388529,0.5191683856358811,1.2061487652833178,1,1,1
0.8604545438084478,0.23768684091488596,0.40406902918368776,,,
0.740673653506199,0.5128693839519841,1.096351585439812,,1,1
0.28297580976351094,0.2758165095175768,1.08095355257344,,,1
1.3399351926415384,0.5882872430286675,0.6676194533901766,1,1,1
1.5182847728997717,0.3301657724246609,1.0846679570585307,1,,1
1.7233702994620557,0.3111633612653123,1.5975316855757042,1,,1
1.7440693695296452,0.2418129359358362,0.034822865874816755,1,,
0.4746726629023248,0.10843001759751802,0.21933545864800824,,,
0.25484188810031133,0.37740437910802954,1.6814838841192399,,,1
1.1887914325160887,0.5028375050192337,1.1898320186118396,1,1,1
1.1051692187436202,0.4988994356732507,1.3349220693812893,1,1,1
0.6863309882773463,0.00827453136979821,0.9165803330059775,,,1
1.2034071415572904,0.4067769847697273,1.7429377410603881,1,1,1
1.4198858002052988,0.18641081326672174,0.09972320021044226,1,,
0.5837641866566792,0.36861762342642757,1.022819775289154,,,1
1.4869988659720732,0.26767017235675084,0.6982985594593026,1,,1
0.6812960079715196,0.39741762359113497,1.6060966757948338,,,1
1.0746512072268286,0.07942714057544017,0.4813277889978037,1,,
0.28844090155492524,0.1102580375707295,1.1578644572636516,,,1
0.3100620500375982,0.09968785320809877,0.9896404544980699,,,1
1.196151198203869,0.31791592157096044,1.5722858748221484,1,,1
1.1876714797484098,0.012495981134882261,0.14121922564464626,1,,
1.2562434122754222,0.07130353707398025,1.7180694611749736,1,,1
1.1861180496562114,0.2987946561854537,0.4091785008602203,1,,
1.396088206454519,0.125046018874842,0.3575720405470761,1,,
0.08195538613967157,0.4146999046093399,0.6361909422086057,,1,1
1.2598151938905746,0.5181078119068768,0.9135343565139319,1,1,1
0.5455916902785423,0.5882406017877628,1.70623634187388,,1,1
0.038414323543162925,0.19890524062950435,1.3724808020468457,,,1
0.035248550900173384,0.5224531267452297,0.3195641985290588,,1,
0.18335619722407645,0.10801559344838849,0.545948960092004,,,
1.6881415310815235,0.20871814065408675,1.5896870671500587,1,,1
1.424058568079918,0.1149283403696994,0.32605200941109924,1,,
0.3060244370055068,0.5116175261770275,0.6402033057262908,,1,1
1.520584946506345,0.4204125473336689,1.379843507492986,1,1,1
0.4449019237760508,0.37480240050111685,0.6015466048584953,,,1
0.47820819577219703,0.5578580417028085,0.0067155693173920564,,1,
0.7132732276680468,0.11745695859964901,0.16286923165935235,,,
0.04594898359539919,0.38933591808407125,0.7074993636467598,,,1
1.1956239931608859,0.385928202099631,0.13649455044634443,1,,
1.1123120150631163,0.2257586252116307,0.2462558636616252,1,,
1.682404170056394,0.013732832767324798,0.05481553546622355,1,,
1.4109393602367797,0.5407624036310489,1.1443713103979372,1,1,1
1.4517644504132958,0.13096211715663322,0.39135268993504496,1,,
1.1906254303100843,0.5725173840523121,0.4235308150704706,1,1,
1.4194286468974338,0.5358263215194724,0.6754138760700774,1,1,1
0.28840405111014844,0.27643417897218586,0.590632294993072,,,
1.17871584396289,0.023025191509834553,1.1885424897817989,1,,1
1.6548186356976986,0.2939276386165807,0.8988870001973297,1,,1
1.4841175988473239,0.4481743024341137,1.47488712834214,1,1,1
0.5190039735167081,0.16698996974582403,0.6254290192838801,,,1
0.6045756748960951,0.23093560868808577,0.6499514498316438,,,1
0.18468473830942647,0.06676177862186723,1.4528320074145546,,,1
0.5922722653608525,0.09635465194880814,1.6407257694978243,,,1
0.9431144083429064,0.045916393995527646,0.30447410414564957,,,
0.26746202904880056,0.02863475619073803,1.1201077000431765,,,1
1.2956850656339975,0.18101551876945587,1.0873272387234876,1,,1
1.2858733013418604,0.5310540692420574,0.7165138518272616,1,1,1
1.722813948015671,0.381895114533948,1.3423105864851974,1,,1
1.4503914565699727,0.29298648130422855,1.4989296998182955,1,,1
0.5216627962883791,0.2756967879020173,1.0112990974969795,,,1
0.9416635411505297,0.004245829975547455,0.7089529505921748,,,1
0.9972545536923114,0.04202056559228551,0.33267694905855894,,,
1.6716921567928553,0.39338857585533865,0.3238700275777309,1,,
1.772846145017434,0.2604400300211767,0.20272149059641983,1,,
1.1415871485933693,0.3655758911420228,0.4606476062274489,1,,
0.405297146782583,0.16730055625702592,1.592018230006857,,,1
0.09896080484278684,0.517487043547119,0.8059920768241637,,1,1
0.519130689376821,0.34845179113586866,1.3545492535971269,,,1
1.4658713815946358,0.5826094803836466,0.6604286837293084,1,1,1
0.7608969867933966,0.2420051074211775,0.6778019652833138,,,1
0.08726980224158734,0.5416675166718419,1.0532643524971252,,1,1
0.07834777726717171,0.1800605523250011,0.6944326508232911,,,1
0.02103389596176448,0.25486422911117484,0.002988696761365195,,,
1.414429809797112,0.3595677220101739,0.10962597463497288,1,,
1.5280883407879702,0.24613719567604347,1.1341307090507835,1,,1
1.5542930849818322,0.17752575430276424,1.2901593252083312,1,,1
0.8545234975870836,0.3073761579657632,0.02434886401995302,,,
1.1170644267153746,0.22062464335913448,1.133065396621082,1,,1
1.3873487019314732,0.14840947774052723,0.6560646199202584,1,,1
0.856349777423507,0.09858197727311657,1.7952122026782547,,,1
0.07076254280354487,0.03572594076585032,1.0112180585050246,,,1
0.12528981240485684,0.10923983645824276,0.7554153121272211,,,1
1.753900390499404,0.30367329830279366,0.4979655291624106,1,,
1.4013684818262586,0.2858421369122118,0.9232321998427258,1,,1
1.0375424868366419,0.025155045214044502,1.4900349349111564,1,,1
0.2952063932572749,0.11160088212446537,1.5246364929424976,,,1
0.46560556578100976,0.5189091387268437,1.060613433709953,,1,1
0.3707191392919564,0.4192798392005141,1.412191535501896,,1,1
0.7720193494617009,0.43237481255867216,0.46008150082280436,,1,
1.2897746936715033,0.489412787788335,1.3906693018526572,1,1,1
1.7293600689707103,0.1609382442000708,1.2357596243114137,1,,1
0.06934341008117546,0.4487864119495927,0.9178222274405856,,1,1
1.4144711264381349,0.39033754500237233,1.592502381680936,1,,1
1.205348077595612,0.08609941879667878,0.5256903461256555,1,,
1.0943512061981353,0.5471163654757649,0.3417930430045821,1,1,
1.4552718938555318,0.34896426465861446,1.1641277869612663,1,,1
0.9055507241758339,0.4747814780413755,0.8408235810479857,,1,1
1.1824207259154191,0.4859772705984922,1.1374058284383253,1,1,1
0.900018920231512,0.5215601727787821,0.805791729747226,,1,1
1.2059383650148658,0.08391266994274864,1.5886105811655187,1,,1
0.8384686383650836,0.44867909309084814,0.01785555880018639,,1,
0.14917669058621327,0.2761597181539678,0.8723224599983314,,,1
1.7341415674302991,0.5053241793262765,0.8702958156852961,1,1,1
0.3195182833252294,0.42798585513654347,1.0429636449938327,,1,1
0.6190262081798308,0.40161808899478396,1.4961202358090657,,1,1
0.5388443792840579,0.14006572604422746,1.0689242755201627,,,1
0.21961114591634648,0.22202495760581473,1.1686300169582495,,,1
0.7679405441669451,0.08084985022973203,1.6007464922900292,,,1
1.5081384842326728,0.4296039057359216,0.5784329034472465,1,1,
1.421682999573288,0.43736671143998007,1.537865082298415,1,1,1
0.6068879156177582,0.1406490938287741,0.5843263193475478,,,
0.1379861067640463,0.09048812251389104,1.3045670045611206,,,1
0.0005689185410533426,0.21361192423675712,0.6139155278033878,,,1
1.3065735109667154,0.26508639565817144,1.5494204975636339,1,,1
1.5947878947113783,0.3777224322044413,0.6639489452854009,1,,1
0.8980694186327958,0.4646902129265247,0.9338230318208409,,1,1
0.35920473533619807,0.03913676081785351,1.113621969811551,,,1
0.14235452841982985,0.4660518440958245,1.347900001612921,,1,1
0.22361155986663656,0.5619804836741181,1.2208448211809237,,1,1
0.16422062363765183,0.5355718523356757,0.470802293071287,,1,
0.27744727075534864,0.3706023681793568,0.8576791881822577,,,1
1.0862315410811079,0.4664199768572072,0.5750811040152921,1,1,
0.156216573683935,0.011974632613127522,1.4713171084657073,,,1
0.9931993077138926,0.33610422915734434,0.5350613966461295,,,
1.1876965669005153,0.28735925902361714,1.4740345315896852,1,,1
1.3557318776516343,0.3761635644694333,1.6212717540293342,1,,1
0.8063974301889681,0.5591238030040507,0.18132566848469925,,1,
1.5314647691112104,0.5802522799938225,1.2973030952537237,1,1,1
1.5637933527880998,0.019110707184156393,0.15665966047981258,1,,
1.3447504537778052,0.410633802386744,0.7245084255060185,1,1,1
0.5064060107858203,0.21031431062502362,0.5578847132949543,,,
0.08039146492729835,0.4939650589295453,1.2750300477093093,,1,1
0.8902923440056949,0.02790726617396111,1.2082746679976006,,,1
1.2693062293848818,0.4712513071417902,0.7769178529550806,1,1,1
1.2705662335370658,0.5072295649984634,0.24770665007967937,1,1,
0.5926516034403936,0.2623026889409178,1.2976481347620272,,,1
1.0608158841019721,0.18021559040431653,1.0205799211789066,1,,1
0.6901126310025779,0.06206902946772927,1.0813711736468827,,,1
1.3183892997197415,0.1705538654841357,1.4842833858016924,1,,1
1.1470271894775357,0.128704032180962,1.065088634859357,1,,1
1.1830224595767378,0.07315830251771234,0.44338673584128535,1,,
0.3116276986476371,0.19557723401963556,0.7555858692500171,,,1
0.5676045147975782,0.32672988803011765,0.05146518476133486,,,
0.7668502443448921,0.5952013271864222,0.9252073701823335,,1,1
1.7429564848211743,0.018823565824561548,0.9826373954216834,1,,1
0.5514611742478782,0.5380228717480496,0.5435751477653958,,1,
1.322370417726361,0.053537448129301675,0.23560063598079653,1,,
0.32696221078051574,0.11078358688061318,1.0881621733968516,,,1
0.7709848162068964,0.34603272899043797,1.7111507431588766,,,1
0.7070558744171007,0.17743103608568175,0.060187202151734766,,,
1.3061941794812644,0.31596859223638063,0.7447077290476787,1,,1
0.5490975842828566,0.028539732414218255,0.20398614546676366,,,
0.9348720559033576,0.23188254464903418,0.5861632042487567,,,
0.9753751655553669,0.014859656629270312,0.49506073675228485,,,
0.7461378872599715,0.38045844920364547,0.6978422149919916,,,1
1.2754094484591865,0.42987136020932887,0.5008815220694173,1,1,
1.4678976167894546,0.47980541571181845,1.1280234605000004,1,1,1
1.2277190371131266,0.15888701929418084,0.1776220296585474,1,,
1.2230802959804765,0.2640160136678274,1.5457138448042445,1,,1
0.5096503590853008,0.181776057846651,0.5546294005837348,,,
0.7830925805888274,0.5330974600126004,0.7769698566934815,,1,1
0.1716098106695982,0.44367885961751014,1.1449423636100717,,1,1
0.2222470952394131,0.5932799805811669,0.711824373443542,,1,1
0.6666359395179289,0.5657058647388254,0.37630343522724585,,1,
0.19787094624951626,0.2789612525013131,0.6977085130816378,,,1
0.11086109048335246,0.5401200453733139,1.235652695560701,,1,1
1.566618311817981,0.5356161155015966,0.20927922144222508,1,1,
1.4792596602949049,0.5292270321485413,0.2774388175635363,1,1,
0.7567223518746882,0.2911909105928269,1.7890016308335035,,,1
0.3979418399945378,0.02547428404760652,0.016417650847223554,,,
1.6182517378893204,0.05996034790498847,0.7825680644806051,1,,1
0.8252609608073777,0.32031521852112627,0.08409184264081747,,,
0.4714897406960878,0.055542727219621946,0.20648374761383684,,,
0.23301905727097455,0.5154065346865913,0.956641974110397,,1,1
1.4095191631686224,0.1991473319680394,1.1156020864854874,1,,1
1.5444690409067519,0.552019944469624,0.23576426688625407,1,1,
1.283004395965317,0.12434535466447717,0.7048832586412276,1,,1
0.754270454069865,0.4180944466465422,0.2663806448378436,,1,
1.6043709894960099,0.23373650207734137,0.42800108608609005,1,,
1.0882178139439322,0.19331798318391008,0.15396714954925747,1,,
0.01797658224490515,0.4566349757310383,1.3372653285813618,,1,1
1.3773195342892504,0.45777381505386755,1.4043009304321656,1,1,1
0.038207300498813934,0.09739168452968035,1.4535049460721507,,,1
0.7220486892248683,0.15436254180298867,0.4903919170365226,,,
0.33038014777354413,0.2283273461726792,1.2128801512954543,,,1
1.6366248311591394,0.22460440134023024,1.5552840296137256,1,,1
0.564040533171122,0.25670314383521425,1.6269210565338312,,,1
1.5489692248813183,0.03236778134296953,0.9627707946087392,1,,1
0.18207499751074116,0.44885797227721036,0.829304132870396,,1,1
1.6712355563601327,0.5516239127772179,1.1890465038047415,1,1,1
1.7993434700245572,0.10064880963598728,1.2028562659537563,1,,1
0.5212920471567806,0.2846541190451237,0.6788486541661742,,,1
0.11495205486744786,0.26989441467906583,0.7811211509097625,,,1
0.10774077621478943,0.16744010546051546,0.3226921391656845,,,
1.391247042570465,0.4447490056071817,1.2525265303984494,1,1,1
0.9833188243373671,0.17328805071214556,1.125429031771498,,,1
1.7305306332503596,0.4781608234346529,1.6256347142001533,1,1,1
1.6024274870685633,0.31880337427202926,0.780774094159157,1,,1
1.4498277191014368,0.5582513301675718,0.8589377422307365,1,1,1
0.6395213753596566,0.03375603621039873,1.6045963764772917,,,1
1.401999243216612,0.3597028177359902,1.4192278176789261,1,,1
0.8404190438583771,0.28402598945393615,1.7748144990011172,,,1
0.043955436198868415,0.2682493272366175,1.235403896206524,,,1
0.18796795658666549,0.3437260913546524,0.47505107546046316,,,
0.44667776489156813,0.343758118672095,1.1329207720408165,,,1
1.134827889498724,0.4243316666256749,0.28095988587049264,1,1,
0.7513735914445488,0.16600150764359972,1.4474912863807083,,,1
1.5451406325531016,0.521338441521354,0.8736330338724019,1,1,1
0.7162523765185427,0.3608191087691893,1.4975713218772857,,,1
0.09178057158073949,0.17665530675491875,0.8175309627999846,,,1
1.099150875196636,0.2697965234858986,1.6279952403459006,1,,1
0.5371110325755374,0.3477402309103638,1.5212933036542338,,,1
0.216287124015685,0.398737158157719,0.6880359279944068,,,1
1.174870716603652,0.48891840068151277,0.36613184793509906,1,1,
1.1525519164489295,0.26975560958209915,1.3423255942807377,1,,1
1.3532329664791862,0.20768423342686818,1.1270184396945453,1,,1
0.19228993994915064,0.5042039056513935,0.09742720969336925,,1,
0.8456835846708248,0.4294666418690876,0.3446947179353,,1,
0.1544022291541284,0.49558471816633354,0.8782092043191614,,1,1
1.4231728551630045,0.3477653566621484,1.1828039289615129,1,,1
0.08471150557652085,0.24252762013591658,1.5726234340226966,,,1
0.16553493467370595,0.2938734702339005,1.7549352143618058,,,1
1.700014581068526,0.4502796892877607,0.6398301568906425,1,1,1
0.1808745905881371,0.5960795281063443,0.7772899423206884,,1,1
0.9984827692236921,0.4793945996849745,0.484935296675297,,1,
1.1094364556577607,0.540894606587667,1.5936858260263973,1,1,1
0.2169454930799005,0.16198479994982334,1.729497826003944,,,1
0.03488547905818684,0.32080577897411666,1.4316033822975993,,,1
1.764749450028123,0.4569492864876639,0.829499921328607,1,1,1
0.8939110401561305,0.08811335399277014,0.5514795522655542,,,
1.2762796817095552,0.5684292615038512,0.8813852268869576,1,1,1
1.7898643844629631,0.1367060432544458,1.6244910502539918,1,,1
0.503611107038717,0.5902476398035316,0.2794732350646379,,1,
0.23570912773368644,0.3757764981109284,0.13827008555912854,,,
1.5304721281236233,0.18584839734246655,1.705204975830552,1,,1
0.4911896762332433,0.3784597397850219,1.0868135850813367,,,1
0.6880306221057344,0.2722957996857069,0.6472773261154465,,,1
0.03868353699153726,0.002231404108932278,1.5603390004827267,,,1
1.7976112099239374,0.1284397496874706,1.6428090425285222,1,,1
1.2809775875842393,0.5977146190216904,0.12055574678785397,1,1,
1.2622939891453528,0.49506868017699546,1.218164482141318,1,1,1
1.6289663623428066,0.5969520733249534,1.3624438782532573,1,1,1
0.3410672419508062,0.039499618609714494,0.19914297600921652,,,
0.17586156744431378,0.27329933993094224,0.8099801609152397,,,1
0.8418979557935132,0.24159454494076057,1.0816952906270778,,,1
0.1696773072900639,0.3891339704043933,0.0803800218299037,,,
0.7700353741102691,0.40025003800359993,0.2448679959881482,,1,
1.6251971529260727,0.4857892456424452,0.4019826381470502,1,1,
0.7985689916097997,0.41430366989484674,1.2554612834170633,,1,1
1.00075913156237,0.5477053437174819,0.49241309235610004,1,1,
1.4848750174485281,0.37651958644356853,1.4623763200456181,1,,1
0.9789731100353143,0.5552496383734898,0.5186254927649728,,1,
1.4032525058355725,0.23778411832296564,1.4392649401784467,1,,1
1.0676629842247598,0.5075905530529312,1.7064833934582337,1,1,1
0.8685414426378194,0.551784593439421,1.7622007562806163,,1,1
1.1604634922521355,0.20591910426482327,0.10281915640806603,1,,
0.8951993312396639,0.34379536911049563,1.2144136124598839,,,1
0.2389755087845563,0.35893725837243645,0.3911446524308469,,,
1.6476935221901303,0.3507212928765253,0.7439786411904462,1,,1
1.6544636582391117,0.47768332455867,0.41634631455046506,1,1,
0.883717703391665,0.4973404605367048,0.5497190971771134,,1,
1.6885626239671692,0.13303414925164753,1.1428141811711732,1,,1
0.07572109646204501,0.16267752022991233,0.8716924146927076,,,1
1.0440780343298843,0.2532539903974967,0.1680349937638611,1,,
1.756571080137132,0.04198415147320784,1.6382517348961332,1,,1
1.5653685006976223,0.4288451309359924,0.054065180004630675,1,1,
0.16759468769688088,0.5114727732356563,0.7781253373124077,,1,1
0.5101917771647436,0.3429183323094088,0.35226752633646846,,,
0.9082657809444763,0.3090353581933702,0.3100435145757188,,,
0.3467779248714059,0.04256617666878415,1.4864243360262326,,,1
1.7911638664677747,0.5983813208778623,0.050609939956906325,1,1,
1.4431356445258199,0.19230978406872448,0.24650921585731506,1,,
0.03051133486547959,0.22584504937274436,1.4441057725218602,,,1
0.82428662989939,0.13018002501220755,0.14709741456811906,,,
0.17440852247617483,0.5483263493851805,0.3756616900038902,,1,
1.204354793231795,0.4020737103232545,0.2968070272120356,1,1,
0.6088363902951026,0.5838799594252744,1.3656771722044074,,1,1
1.1123141363140383,0.3231081498346125,1.7618557984176908,1,,1
0.27363743337981894,0.4701588362660608,1.1640600966049426,,1,1
0.5446045291799729,0.0420061994693204,1.1522199606157557,,,1
0.481635291594208,0.5719216475127425,1.1942315618588215,,1,1
1.5824163131274263,0.04860278221226209,1.0948417503293095,1,,1
1.769186197329793,0.2532412241489076,0.4466832147952185,1,,
0.21700068682922566,0.5157866149737581,1.431596010173779,,1,1
1.5815083517268804,0.1596242303629624,0.6267118706642731,1,,1
0.9353711271299997,0.31141560783746564,0.3004313320443328,,,
0.7686099275065338,0.4210329051665739,1.5686231370439752,,1,1
1.1620078238067746,0.44591631536641,1.343249027877377,1,1,1
1.2034274565346041,0.41383634173013767,1.6815898873689732,1,1,1
0.7773975900349153,0.41492793135935446,0.7224166747869653,,1,1
0.13512005985148368,0.29102031260334726,0.1685457699562764,,,
0.4289896581106067,0.2578117611278418,0.22376157247191317,,,
1.3600170754064047,0.533248195582115,0.7217441698670913,1,1,1
0.9743923134387121,0.20731611600129177,1.0422425402221824,,,1
0.42485621931486783,0.40472278754608954,1.2518493340554495,,1,1
0.691527699114898,0.41338168993589314,0.9141081582493655,,1,1
0.38766841114678213,0.3604062982293919,1.1661722247459596,,,1
1.710835409039728,0.2356441986099366,1.1042463949999237,1,,1
0.3068010136469523,0.5473923331622093,1.5812176120414538,,1,1
0.1963919161799929,0.4784599771943109,0.1743736913662771,,1,
1.0964552328164703,0.36318606637364864,1.2102411081951998,1,,1
0.9949651526493646,0.5385212508001149,1.0354233162268818,,1,1
0.2777529572238642,0.4125119687634458,1.250613402919482,,1,1
0.22649419426545353,0.45162936878107873,0.851465396328559,,1,1
0.005763352456871074,0.07654666968193177,1.1479065763229443,,,1
1.7633278913534318,0.442582527742389,1.6129101509238035,1,1,1
1.3332721589654013,0.22906876868624765,0.27780854562539253,1,,
0.3891443551579255,0.27326590555764035,1.051184618279831,,,1
1.3675212808798698,0.3080646555764859,1.2002388757939197,1,,1
1.1455741265146622,0.4801774085353344,0.9369761835168725,1,1,1
0.7124673566440238,0.4624597540276073,1.4269477097861132,,1,1
0.7068276372080502,0.3903481179238399,1.7426802876775425,,,1
0.013814690798134665,0.5517776669034082,1.57289741749562,,1,1
0.168153230814769,0.31073412735229067,0.39007688103690236,,,
1.7060024438587569,0.2257014790976885,1.1023696191754477,1,,1
1.307724841620667,0.0607575624337747,0.8487744529770198,1,,1
1.4871213668083434,0.3552270254759246,1.218897069576417,1,,1
1.2856083493234822,0.09686287794578148,0.42619307242750354,1,,
0.72342272939091,0.5566274600751219,0.15255890531956037,,1,
1.7420227752154107,0.5368069101306852,1.0395135701046205,1,1,1
1.3973773374244154,0.46647668431485556,1.3454430591555264,1,1,1
0.7170162078909078,0.4139056542568392,0.12317405814604197,,1,
1.0145021122028715,0.5324895219057013,1.5863429434925174,1,1,1
0.23016743869072243,0.32119329115000733,0.9109631148121763,,,1
0.9185024975386322,0.3097124016950205,0.3625380604098391,,,
0.44870730490837507,0.43929868882518286,1.597964909085191,,1,1
1.2261743798875853,0.10173700346808412,1.7072715430739684,1,,1
0.9098099780607617,0.0011104774688384111,0.9833965823582858,,,1
0.9192340244669672,0.4354004868918731,0.2972367870367348,,1,
1.215423590544438,0.0022691576061651285,0.31304236044005346,1,,
0.6807765562792102,0.12750442403101953,0.13645740787164973,,,
0.00583610062318265,0.367919229497741,1.7819396147945044,,,1
1.3680346436901065,0.3858750636127181,1.5148378817281096,1,,1
0.9195100479668912,0.02548932137153397,0.6826094968046901,,,1
0.3663359255411178,0.22189030064771972,1.4762491436124385,,,1
1.3367622108264492,0.041473184119741636,0.972227655622567,1,,1
0.5364070854987506,0.47881781593335365,0.3635965044583462,,1,
0.9486353111782331,0.03428697939830731,1.6637829838927567,,,1
0.527084942707199,0.20071791028960995,0.3427246023002833,,,
0.3094875578940263,0.5670809310508658,0.6190041770703277,,1,1
0.8665430066814375,0.4389107121623552,0.10419666583303126,,1,
0.683698248809571,0.5731904721909497,0.34051568381059755,,1,
0.6482247735755733,0.2765700783739693,1.086720380494283,,,1
0.2641838742166006,0.3318780444149932,1.2321341447992473,,,1
0.3811582470910477,0.33100799021114624,1.3931744322029986,,,1
0.23135491130545857,0.14698633785665083,0.4806913391885091,,,
0.3141953511331052,0.13598259594279208,1.0718207795706196,,,1
1.4172312684464035,0.017089284791680946,0.48087409907575945,1,,
1.0270168670613473,0.1426614532024824,0.3894654346794102,1,,
1.5327868602086159,0.010727681555359947,0.322008091658286,1,,
0.8567923274201349,0.3210424437152851,0.20084611446019016,,,
0.6448894284360982,0.1341481196622312,0.9658532139891302,,,1
1.0186812222844164,0.2368676855978742,1.691160676155031,1,,1
1.21222081399039,0.21987671841381723,0.6574921968162923,1,,1
0.4748752961992099,0.23989460654610126,0.028048216546427685,,,
1.6212855905332724,0.48222853271273813,1.3436719958491257,1,1,1
1.6326189298535985,0.22064045337030344,0.9474206400110995,1,,1
0.8022736267633249,0.2429362111084158,1.0687090720323662,,,1
1.0499048160731201,0.5925950367392084,0.5350304435909311,1,1,
0.4667276160168086,0.37232161159010946,0.7510716134776111,,,1
0.9109146678156591,0.4750065829887089,0.6049669881151941,,1,1
0.382201670267741,0.11983459395984106,0.13237650113725502,,,
0.39345984308972715,0.3503166985960939,1.259218390820992,,,1
1.5209726735641365,0.07672767922430553,0.8493842356347293,1,,1
1.712963871591884,0.31447014220054054,0.36277749394848763,1,,
0.591033904422322,0.15659777254930418,1.4280383932142233,,,1
0.05937617207981929,0.41975650208459575,1.4141629896804473,,1,1
0.02552997662351444,0.525385022697131,0.4515907010878844,,1,
0.99412243000515,0.3151766024150012,1.467048409859934,,,1
1.164329229151633,0.3402021025673444,0.5911668795378263,1,,
1.5740301280861138,0.1297847622527439,1.1633684449130322,1,,1
0.9235621793289188,0.3610666883979116,0.392337800206297,,,
0.005502918655398026,0.5740026939071874,0.6002692310403481,,1,1
1.4541091510020019,0.3498447149154481,0.8800390514386103,1,,1
1.7683300374230961,0.2303740086260968,0.8930427254822895,1,,1
0.7306740853147439,0.16894305137170068,0.6941384879378788,,,1
1.6259344959161355,0.47738104397748654,1.6335627929138925,1,1,1
0.8841548027197408,0.44491627180461835,0.4689734363779272,,1,
0.5898534197426144,0.26410961883300077,0.8160179398316689,,,1
0.5931172083105664,0.09946626162154777,0.37325444910300304,,,
1.0251385418405148,0.3995606166654169,0.3234317660050134,1,,
0.7893112952124601,0.12990591394142564,0.05675979615023108,,,
1.0185985588139654,0.4072262587954551,1.2288806391288376,1,1,1
0.389766829959063,0.3592167539835869,1.2327486727638548,,,1
0.1445593731639849,0.1864232229264655,1.3266091275860383,,,1
1.1303344365612447,0.5058767982473545,0.4730157225488906,1,1,
1.5221258669828794,0.1476671276635086,1.1826794461514107,1,,1
1.1079819078506656,0.3456115117185736,0.7527777523517798,1,,1
1.2226587523085863,0.34796848899074617,0.30497849343013955,1,,
1.676327668595379,0.23405744760107644,0.15753725222962967,1,,
0.8446330802543958,0.050938645421493824,1.520624094100396,,,1
0.4413738958688252,0.5425796675405109,1.461779163389675,,1,1
1.6732878822075967,0.5712594601980922,1.0208284167845736,1,1,1
0.08844641765751186,0.3731078838922636,1.7498261994312962,,,1
0.6583908462448176,0.34611168836418854,1.1631312914548353,,,1
1.5281289758928416,0.25377410601592476,0.9034252087269657,1,,1
1.4108756299341978,0.297973690825299,0.30455219980133386,1,,
0.2202889025534385,0.22307603573732296,0.6992532842457052,,,1
1.3074876795379233,0.14401894504489499,1.0492948387248597,1,,1
0.8404712054370345,0.5035167151847312,1.3582669269150671,,1,1
1.6376209001613478,0.4078220205282873,1.4131964332347609,1,1,1
1.0925723590322185,0.5851321903404556,1.137023414173292,1,1,1
0.780096043986883,0.23165547159501446,0.4978564443612072,,,
1.6986734139467403,0.0724655178021514,1.0815952315540875,1,,1
1.0563874106212083,0.06439117429038896,0.27046007918717746,1,,
0.8381848026921489,0.26036996809926277,0.032426920722737854,,,
0.7712129487015086,0.48915511082103014,1.4994080170228223,,1,1
0.1905155585090591,0.24154267456405373,1.1477517819585143,,,1
0.7922632509692589,0.047378649201538156,0.7639569705101011,,,1
0.11156618698605392,0.35965985611097245,0.869470262255045,,,1
1.7839424935164132,0.05430937304046799,1.70988849068349,1,,1
0.09055969089522937,0.353539510772893,0.1711574059533693,,,
0.4982893979991135,0.051625585637498236,1.7710643176000407,,,1
1.1734835309190361,0.5140978178151868,0.6533619329208463,1,1,1
0.9010009671319715,0.3258652459439552,1.0683396205423628,,,1
1.5381636542123867,0.1620170600087072,0.9470994312772999,1,,1
1.5688637471401807,0.29733875963439566,1.6497201964909352,1,,1
0.9039121745185603,0.09076997676812064,1.1390886592787937,,,1
1.4849898590465027,0.013031784853198069,1.302777459908913,1,,1
0.6747846572058454,0.046354559677610575,0.9385089982939399,,,1
1.2235415356654455,0.557544952885844,1.050800697966817,1,1,1
0.46699275456413,0.2265489609856315,1.4305347045592312,,,1
0.011728699454887503,0.019858136238301103,1.065911389745565,,,1
1.6372171394376134,0.2620218667233361,0.39245868436835035,1,,
1.227665634232891,0.2006996922766544,0.3025887386942161,1,,
1.6956248053674126,0.11819924470124822,0.16002687310931704,1,,
0.7855592570363901,0.050325479705711704,1.2613367822919546,,,1
1.1364791053563326,0.5779894154907955,1.7846898347138054,1,1,1
1.2824117913426096,0.5308940742437747,0.23184855065879686,1,1,
0.06591953469844292,0.501901031595434,0.8401482718539048,,1,1
1.0306175897420524,0.05627063862143819,0.46551143796795763,1,,
1.2133448406261826,0.23142184287987086,0.18600717647162326,1,,
0.12032087626659496,0.15458768608935447,1.6700074225927735,,,1
0.11500242138463179,0.5274679295413208,1.2928280220503712,,1,1
1.4603891298749336,0.0627031517061211,0.3101098800549785,1,,
0.2836519917844613,0.12374857810915815,0.7605679841315767,,,1
1.0349581991812529,0.5087289146946438,1.3243578478907674,1,1,1
0.41429382392935726,0.31665043740989707,0.5038630618209647,,,
1.3479011774726555,0.11212054503530026,1.4630100300693596,1,,1
0.8567240786692049,0.5698949328150705,0.2215477346266175,,1,
0.8863293357159246,0.5899703383489079,1.7502568942233792,,1,1
1.244009000188143,0.2983903469259475,0.4792841133620076,1,,
0.42978778682924246,0.5335872817406344,0.5681758913441487,,1,
1.4034740670133263,0.08521074434742004,0.29942764382668874,1,,
0.22370790635528795,0.5237865041024471,1.0290118011931562,,1,1
1.260430048175072,0.3288117716971803,0.011331691812106293,1,,
0.24120323212789693,0.013558625095457888,0.4348948718778587,,,
1.147386431320531,0.35768032256381826,0.08479783482996033,1,,
1.7820934208132915,0.22108992899068647,0.47112510059715873,1,,
0.4665057855464773,0.2956990715448441,0.04537197044163952,,,
1.218811941401474,0.30693465669472036,1.6252564257460778,1,,1
1.2219364933606334,0.4865268190319927,0.8841498339501687,1,1,1
1.0638619301313672,0.005374402597297534,1.1222817521872264,1,,1
0.6978439739172638,0.5648232627783764,1.0543318091933211,,1,1
1.3620127617338518,0.16217424574798858,0.5962914830438807,1,,
1.7273653788559618,0.3548936614677285,1.091674060541815,1,,1
0.4395933392907197,0.2066481051728216,0.9135886018426093,,,1
0.32997379461125464,0.4957075967717892,1.0751964104306098,,1,1
1.7134827493407419,0.4014221118191454,0.09458242942438698,1,1,
0.9083314386711383,0.04400346935027575,1.4325539846792954,,,1
0.36935141984446646,0.1753186309896779,1.368797841037004,,,1
0.4149409332082742,0.16171780995762305,1.777446651982091,,,1
0.32145374655972303,0.374763963937877,1.772808311118853,,,1
1.3132174977328468,0.5014942689128297,0.3605309378699259,1,1,
0.3592563984694493,0.25612093481180637,1.5248088368098234,,,1
0.23881371167366197,0.25374305894777816,0.20122195658141898,,,
0.07050115187072224,0.5911558588522654,1.4411683113227054,,1,1
1.7368593427793313,0.09401870682012738,1.0116515074567716,1,,1
1.7216233619920882,0.45151823319140966,1.34934727885291,1,1,1
0.4981559759152006,0.2097898305341192,1.5225079851926453,,,1
1.0914448664256011,0.25706357130304275,0.005685212016736041,1,,
0.5741385355804455,0.4693725998819538,0.5193287254304683,,1,
0.9706180882655665,0.3285038753422387,1.180385025732389,,,1
1.0800374265738788,0.054987713303813864,1.188957309964108,1,,1
1.6874550451347956,0.11521120492528297,1.3460591177470516,1,,1
0.4099055938222309,0.3055423228863831,1.0256290925926368,,,1
0.6462107461108639,0.21299788633487407,0.21519109590835375,,,
1.1404296356635986,0.4584091579613174,0.11010909506348521,1,1,
0.7417535363630916,0.21472565427956308,1.658584480195337,,,1
1.2132847341162305,0.3839803968849473,0.8764820442124102,1,,1
0.9500459003109522,0.44274779260375957,0.42770407606208805,,1,
0.9393980184663338,0.470022349117992,0.8740529213183545,,1,1
0.8699675712233891,0.5466460272002047,0.3015930671607456,,1,
1.4888019125683303,0.06056580875294404,0.3073532878922642,1,,
0.6849798290094973,0.0642441012270674,1.6243756309904511,,,1
0.9597077790455086,0.5232362196609806,1.079439373990729,,1,1
0.44363382381638755,0.4608249787938442,0.04187663765321139,,1,
0.78596460527205,0.5189375047470032,1.0979172405362254,,1,1
1.320399478303739,0.05516178904755962,1.2033923431443363,1,,1
1.733203301149224,0.20627066400725172,0.6175924783463993,1,,1
0.7697541085874451,0.14023274956356804,0.6189031318724462,,,1
1.77009835257015,0.15752667771234105,0.3482949875354128,1,,
0.7742420868107879,0.5557764725591994,0.9568763451482293,,1,1
0.013818763152216819,0.23694854785752906,1.6871103978466704,,,1
1.383145658421206,0.550557790712363,0.9573899936759972,1,1,1
1.5355786419054915,0.5483392108849346,1.5623819516288775,1,1,1
0.5499785417304066,0.5267883596212916,1.6054602065524481,,1,1
1.6500436664266072,0.12909948157197432,0.9079117963009613,1,,1
1.121886262874437,0.3884681587562295,0.6993591495050167,1,,1
1.7698567506444725,0.0285014078853832,0.4497517527701158,1,,
0.9034771634704694,0.0731095477224434,0.8166825501887791,,,1
0.2514982881877708,0.4344122130264053,1.0848827059115222,,1,1
0.6867444773012341,0.1324652613559645,0.2660865969335516,,,
1.4534857499246232,0.43240106689340857,1.7465810502024073,1,1,1
0.448235922305717,0.5629295747241929,1.1143295474604846,,1,1
0.3007069666516747,0.16015323072813029,0.5183419848819413,,,
1.0573819311848986,0.3815591167718058,0.10098441590674394,1,,
0.9491690126637549,0.24298499170495866,0.6846549563401294,,,1
1.3485929143738815,0.10602834518163617,1.2137920567361222,1,,1
0.945687221859121,0.4235280554804932,1.2497597621688938,,1,1
0.8653176487323005,0.594810538184308,0.7472212690730096,,1,1
1.5210083484729695,0.5565965886868002,0.21029146480360936,1,1,
1.0124722892575566,0.43484962119152165,1.6793838224161963,1,1,1
1.2568635648240947,0.06974285393260575,0.9951340839345291,1,,1
0.34276114517900413,0.40838669500077107,1.0691891857303422,,1,1
0.37089631696745545,0.05185408084784053,0.7018129991169869,,,1
0.9576388009836323,0.05707902812171079,1.3458911713684694,,,1
1.167271883679233,0.1966001876088831,0.5252507069737343,1,,
1.3782644171640768,0.5808053983114381,1.0868660081494026,1,1,1
1.3562135728170714,0.5552577685899983,0.5492426708458902,1,1,
0.8398611702837329,0.5175235850913102,1.473379525803559,,1,1
1.7349483502119016,0.524269501554686,1.076713208526959,1,1,1
0.9872571614327303,0.4868567720934682,0.5609913861330247,,1,
1.2720162182952055,0.2875628613219441,0.38767272403248715,1,,
1.4792961732435936,0.5819698921976011,1.1771703399378364,1,1,1
0.9134535225127055,0.22705484911634868,0.25132985319858203,,,
0.1260181967110261,0.4969043104751421,1.1277340352585705,,1,1
1.3691735683899624,0.5022647225233724,1.4260791989445314,1,1,1
1.5023467407484115,0.20813580796973194,1.4652091516170893,1,,1
0.31533686780441944,0.5210034937586566,1.259160935774889,,1,1
0.5830387377732905,0.2803638511223003,0.33527699961481217,,,
0.37900311955871746,0.5531381685303296,0.37768063738072266,,1,
1.7563547039566048,0.08082033324451787,0.42583193307834155,1,,
0.8949121359205356,0.07771563018688261,1.3401300386307586,,,1
1.1906816983860367,0.3234919783868075,1.0524507906666698,1,,1
1.739657488985392,0.22400230110656646,0.33717596010665846,1,,
1.4048304144636077,0.10255754796136969,1.6704488498419423,1,,1
0.12538253318606316,0.006761365178902579,0.414303394687085,,,
0.9867057947413448,0.25548983724307817,1.581113985106838,,,1
1.406206568189747,0.4389461573394268,1.553409669006056,1,1,1
1.301596525410526,0.5509917459052661,0.5042923766165623,1,1,
1.1981600069303933,0.00022043239766351695,1.3633019915677769,1,,1
0.5217344092074007,0.15794557245371638,1.0501283987586136,,,1
1.7211049000560523,0.2668420281255077,1.0131129914216033,1,,1
0.35777810496674245,0.2829827980879425,1.426577072988701,,,1
0.630235213990685,0.20607035281572939,0.513144964928633,,,
1.4513666273750185,0.029659809158713888,0.6766242016876958,1,,1
1.4280374846921051,0.027723733089642155,1.491869821407561,1,,1
0.4355454842473537,0.4323964642966609,0.3680825386417641,,1,
0.8289378275113247,0.05955510374058512,0.1789049319718105,,,
1.781020330967705,0.4510240637898344,0.18962668025431656,1,1,
1.3788584129779016,0.3082916908314539,1.3758043168740726,1,,1
0.9324538834514572,0.5660730994375817,0.5401063015850447,,1,
0.7749993367769558,0.38896421848154256,0.4570183757022,,,
1.5666378266918275,0.31886727206071064,0.9590142227300875,1,,1
0.5787937755145276,0.45196186247554226,1.7138052866971416,,1,1
0.7599640677962245,0.2567089045490814,0.49732696166733026,,,
0.8466326742855323,0.20763887520452895,0.9296584408387234,,,1
0.8988784163589768,0.4882978768853641,0.007878358945865083,,1,
1.4286595290119364,0.04277603444919329,1.637880450828379,1,,1
0.4737963134985242,0.5040892524799012,0.6241662994301874,,1,1
0.7794853385801184,0.0376942968253497,1.6505232726586987,,,1
1.2248416570998861,0.2446649045271557,0.7835599486509571,1,,1
0.3146750748969358,0.11526909144459885,1.0797672879370381,,,1
0.6047379298156544,0.10294595442374173,1.0048220994044899,,,1
1.5652546419627547,0.054974458376380354,1.3312306523357051,1,,1
1.2494226673138407,0.09043986008517724,0.6606477567145099,1,,1
0.3287336019753533,0.538738118658911,1.7582793474671221,,1,1
0.974915107237664,0.4010043486489601,0.804453723591737,,1,1
0.8998558973138523,0.3430705194289126,0.16208937711999616,,,
0.9598178421210587,0.5990857300274826,0.9129184536645336,,1,1
1.4432440450744077,0.48408797736724807,0.3201845885210262,1,1,
0.7121414357162646,0.5300083319841147,1.4546918965616662,,1,1
0.801177836801575,0.049808886260481834,1.148655153590794,,,1
0.8973313969245068,0.04887480741755339,1.3381535632720045,,,1
1.2419012449886515,0.3180145410188165,0.921661163471042,1,,1
1.4961538225918376,0.37618815636765546,1.020921232661083,1,,1
1.2999022747546765,0.5859761980337278,1.3104012589499134,1,1,1
0.03882567185355834,0.06436190214184194,0.8307527310292917,,,1
0.6101213294947911,0.10009969780580409,1.4933689492427595,,,1
1.6376349646828845,0.5411294692820919,0.6637098717563081,1,1,1
1.0616127773034596,0.4681540739188146,0.09698231467673153,1,1,
0.11775874117526064,0.14535177001299296,0.7096414919949543,,,1
0.06500203657375421,0.25921506518630183,0.2637803695681244,,,
1.5981356447295219,0.12570842157471893,1.6040791248885913,1,,1
1.054870867095803,0.2868883163501607,0.1170090487602606,1,,
1.5728398598042264,0.389397627325544,0.1372364784291109,1,,
0.6735585468716875,0.337534265215965,0.5980415636850085,,,
1.2163121097522238,0.5543861676225533,0.7349923271359321,1,1,1
1.4069020606735758,0.0019993587618192254,0.650700658960808,1,,1
0.780473151092819,0.1884507678402123,0.04770921195420519,,,
1.7827079339876808,0.4399691755247652,1.3697069499006975,1,1,1
1.4184501331542052,0.22318088695300584,0.8617188004805828,1,,1
0.06148824379481388,0.4739802382936441,0.6526319164316561,,1,1
0.18315763068694593,0.35810681178438736,0.04521781561308613,,,
1.092487788141134,0.2097737262508576,0.9485084812444043,1,,1
0.879814538712871,0.1029129796602402,0.4355041710502771,,,
0.46550005345043033,0.15049158844921698,1.5423619801494581,,,1
1.607034881240956,0.43121322305208215,0.39762249687759266,1,1,
1.5382206793998277,0.2996622074803644,0.16917044377818816,1,,
1.6982685784512783,0.09324475299917896,0.8864575717953257,1,,1
0.5996056600394951,0.15738816355748012,1.2180476359353634,,,1
0.4960459786372761,0.06194164257356627,0.002516597354224981,,,
0.4786867125328154,0.5260057665592988,0.07819508825187549,,1,
0.3666990363287433,0.20837493814105038,1.417359003882125,,,1
0.21461583072222454,0.5265971766984553,0.47365634964065156,,1,
1.6532226341025151,0.13783019589318654,0.008545666340488811,1,,
0.25198714151175444,0.3633900834202183,1.3119345853181887,,,1
1.2040675643652328,0.49904266579771484,1.5215091243866488,1,1,1
1.5107218700390534,0.5497249112367407,0.7967849125910678,1,1,1
1.0144799080071127,0.16060985887534526,1.0475489765276367,1,,1
0.8159646968651624,0.5394848143191937,0.7671144060470254,,1,1
1.0344011552523424,0.07301342670843182,0.6457908614788401,1,,1
1.3450691485473278,0.21282278287818462,0.5973784301234246,1,,
1.604512722765092,0.027842195119340295,1.7409273481477723,1,,1
1.3943599136665867,0.21783693744091817,0.4736987374974781,1,,
1.1897557124911153,0.13415733569798585,1.2452769168840696,1,,1
0.511745494263218,0.5927681007052641,1.3781180077179347,,1,1
1.1324212393824258,0.518546077415703,1.0016728602504132,1,1,1
0.140246115214343,0.1473841558796734,1.139067850203354,,,1
0.5287373928428485,0.06791109769843859,0.895589530424943,,,1
1.7282417741930325,0.22055599511341098,0.1552169918048873,1,,
1.0536805892661927,0.18293956129507072,1.3233140011846853,1,,1
1.012134368119797,0.4411068690248501,1.5787466607615768,1,1,1
0.2635643332572117,0.45976183530788345,0.46185024827704324,,1,
0.27541862261223515,0.5638202299799238,0.22913034371294458,,1,
1.0086968228525233,0.3978933302871586,0.5016917120319215,1,,
1.5299490326700753,0.3105585180737471,1.577744436030085,1,,1
0.2318528905680792,0.42806172204570986,0.5140000857591666,,1,
0.09189324252799758,0.47022131786258037,0.2360270342838167,,1,
1.3675664220996633,0.5550162118126555,1.4219265645313197,1,1,1
1.2430528592123793,0.330036321505481,1.7108312141198723,1,,1
1.252063280437176,0.5993616996274587,0.9204823628313205,1,1,1
1.090268502051327,0.4700273302311238,1.1440423045083992,1,1,1
1.3550138893706434,0.3472531308304811,1.4792211121661265,1,,1
0.6870493646679826,0.22443592308577678,0.6765517536795608,,,1
0.17123963512330467,0.22795626068890223,0.6156166310833653,,,1
0.06860496602052857,0.2998120234070586,0.2561698593550301,,,
1.3920324309338503,0.3356030295660854,0.5404401292085896,1,,
1.2350579907680734,0.17489857787087706,1.1478801209361384,1,,1
1.4728157410612632,0.28670021131750073,1.7209186066543554,1,,1
0.47906872589180344,0.23454276192704016,0.6975889379501546,,,1
1.0501737131042486,0.04678816865247202,0.07975721298943461,1,,
0.21933027890048892,0.3751893650598986,0.35589046745895175,,,
0.6300255169172645,0.1604237598094802,0.756956038225789,,,1
1.1132476520055086,0.19963287557380166,0.03516777913640736,1,,
1.344172168468398,0.22102077480105148,1.152676771380462,1,,1
1.094842340121242,0.42568314692126424,0.1759735300181959,1,1,
1.1518351225009458,0.27336236659161195,1.2667615307308735,1,,1
1.4284314248812697,0.0002147916865803623,1.260178989064964,1,,1
1.2997562202296802,0.05456241125488528,1.3480443194870706,1,,1
0.6410525193393458,0.5220043544322548,1.2625209570894265,,1,1
1.362320024184444,0.3669372494882889,1.601933128190541,1,,1
1.3236525952359277,0.18184299892152533,0.31592470199457384,1,,
0.7990280431583467,0.42977486837470613,0.035905088771831496,,1,
0.7628584865670525,0.2533129244001053,0.709546593320036,,,1
1.6619343695498467,0.2313438718936803,0.4517219068225779,1,,
1.4725566282173133,0.16364722511841412,0.9441362230072589,1,,1
0.024507124208538934,0.27848905872287183,0.9610719083004197,,,1
0.0019946385540309253,0.4129684503977372,0.3240534621347851,,1,
1.0896183683660463,0.34629361656371893,0.4875374721272264,1,,
0.40584689171183347,0.395997644395067,0.5087879092293969,,,
1.106398083263296,0.3641149103826241,0.24101444671545263,1,,
0.9804554913278545,0.3865040385339713,1.3682389537113666,,,1
0.4710501781199588,0.19302880959008875,0.038284758805074384,,,
0.05418998167239166,0.5862878926544255,0.6442149524835524,,1,1
0.38476069910339583,0.4089186802965342,1.658049750837157,,1,1
1.6948759315912176,0.0957806767699655,1.627689314317264,1,,1
1.7444130872331176,0.28597836075230515,0.8798638085496802,1,,1
1.7732065262663472,0.16511445545327338,0.40674560805762305,1,,
0.043717180378871866,0.3943729883031201,1.682850268335153,,,1
0.5905586487183956,0.4337113628079249,1.3400215146577947,,1,1
0.36064920114961474,0.30008922596399795,1.0151397398748891,,,1
0.8060557585874407,0.09573980451303403,1.561710312954654,,,1
1.2604760776090886,0.3043882604224002,1.115249329752986,1,,1
0.0995782779108616,0.0488601790750464,0.7978866524720937,,,1
1.7919693693356096,0.10079654053326208,1.785039248702169,1,,1
0.6980726607870505,0.5037460309875984,0.8656046913666509,,1,1
0.9020147653872488,0.1717514413623191,0.2110544907582562,,,
0.1477863576115757,0.17685127337857376,1.1158033844274857,,,1
0.3059362834595327,0.34304602278166924,1.5639220131442946,,,1
1.4625602416786614,0.4098129757155989,1.5708168215889198,1,1,1
1.7636627418043505,0.20493001845265055,0.9162180620990661,1,,1
1.0219043566347212,0.5138152459781984,0.5605670788462459,1,1,
1.0912465717964142,0.3642222047781484,0.28889021531619735,1,,
0.036785616037067335,0.2261089551019729,0.9391677391778306,,,1
1.7735060252059265,0.28141436634554967,0.8295870370072422,1,,1
0.607872222579367,0.40874921366626227,1.2725870033477642,,1,1
0.3463147604945751,0.19563741439353044,0.9462514018537284,,,1
1.6284733445852224,0.478038371782412,0.4154989675222413,1,1,
1.0859128608419,0.19256016424716504,0.8902651963827758,1,,1
1.4350340252325255,0.19636568423918876,0.791730937381711,1,,1
0.366718665477846,0.22261689541238547,0.6241189044002161,,,1
1.3525410159979288,0.24911383484683056,0.9534341828313576,1,,1
1.2373769147755775,0.28236121844935563,1.6252837597348724,1,,1
1.7581903579957323,0.45035733471924355,1.137005701695904,1,1,1
0.4444354648986411,0.37452503766766465,1.1051846738283622,,,1
1.2474551276583588,0.30197135218461746,1.1329443597253244,1,,1
1.7289547316574212,0.25837274800374355,0.07578680662051827,1,,
0.5419498230046611,0.1135369963564049,1.2257092432720385,,,1
1.0377655774606533,0.2572001513664194,0.8849463562159778,1,,1
1.1426050651278297,0.5871069323357581,1.6991519569952693,1,1,1
0.3673841338043194,0.13088293432301867,0.03693442417196611,,,
0.6565479713099505,0.02916855434814429,0.3314734049760812,,,
0.733389105841462,0.19294724499503996,0.8120101062845485,,,1
0.9999544493475859,0.549443050798406,1.763378952075418,,1,1
1.254393233095371,0.5325049698677133,1.4452865772937429,1,1,1
1.6856077607720945,0.1775160687456122,0.7752003942124175,1,,1
1.6210294475690006,0.2667610311119848,1.2049333338556332,1,,1
0.5289908532790885,0.05626967224862209,0.6580347971624528,,,1
0.30156946824114667,0.5482373310761558,0.24060221048432467,,1,
1.2685067459572326,0.28300464209349285,0.3016455712194703,1,,
0.33488604247965725,0.04579986370990001,1.0600142659630685,,,1
0.8543151130643681,0.18759885560595546,1.1869172116567093,,,1
1.0658827509482482,0.446175900661576,1.7398587361754263,1,1,1
0.29105805663096523,0.046257762332374976,1.3538794505341385,,,1
0.9580207918878002,0.27907553023006026,0.5305733048640863,,,
0.5131850700602539,0.5716448707150674,0.8010165517072345,,1,1
1.3844469646457958,0.15082024528513285,1.2160204299517796,1,,1
1.0319516211619282,0.116771368147518,0.774012622558166,1,,1
0.5401912480405591,0.41700913496672454,1.793972558905242,,1,1
1.5153701558221746,0.25276870978959526,0.23559733894363363,1,,
0.92678052885745,0.17981990635733935,1.378669228556506,,,1
0.5727700544283102,0.2326935522438034,1.3087112884819525,,,1
0.17815869714081498,0.5324866671184414,0.12682961348137886,,1,
0.38386379799389236,0.4619136493485227,0.3859861144964027,,1,
1.716065804512548,0.4562062355728758,1.5364967279492332,1,1,1
1.195427061236576,0.4928760244078119,1.0964183340953608,1,1,1
0.8828258175255415,0.27618687563668515,1.4393703308335943,,,1
0.1276158520619625,0.3017544867563367,0.39686877104656443,,,
1.5331078264048665,0.43830609015294564,0.6321189650285519,1,1,1
0.4219769490873995,0.3175762885581796,0.9761230245802196,,,1
0.1731122189306746,0.03356765142138591,0.8637219194570359,,,1
1.3738424172821526,0.5139015742868338,1.6368291951433904,1,1,1
1.45229925832637,0.042778506607026,0.631605615843509,1,,1
0.7241201065953122,0.3152726844071667,1.4456754442778588,,,1
1.596514819249179,0.5307166440925967,1.6843562542326218,1,1,1
1.0276686803343784,0.26826395956586313,0.22765684699260008,1,,
0.5043201265623806,0.5138685198728492,1.757840829792831,,1,1
0.07042747906871925,0.40223899731889146,1.6591613455290184,,1,1
1.0293138949998493,0.44117517099686093,1.762199671783307,1,1,1
0.08167031782345023,0.31276609178531345,1.700033875594153,,,1
0.4156896706806023,0.5136430401513883,0.5027102478725859,,1,
0.11035992990364245,0.09836590771297771,1.3478954748573775,,,1
0.09034039152046196,0.08178501419671776,1.348988280564169,,,1
0.5815684252012544,0.0775372595620752,1.0986876046614262,,,1
0.7102384927481273,0.43160970732504683,0.788868375221668,,1,1
0.853263304689312,0.49513352713266223,0.9438793822183129,,1,1
0.502718245989475,0.5852932686741666,0.26078608200700104,,1,
0.739656800127799,0.335130503869118,0.11439543985665572,,,
0.21728421121794195,0.31386973990444356,1.0035697926453646,,,1
0.5749631990210425,0.5907647192799538,0.04092802954663828,,1,
1.0260371158075645,0.30247250060606773,0.95014482789894,1,,1
0.3419645229533701,0.33425520845419354,1.0748936704621483,,,1
0.8694425705650337,0.4038915240420992,0.8053174709881565,,1,1
0.6246449794342291,0.3946238876284222,1.1544321051801432,,,1
1.1072656283755429,0.18474454436980142,0.9482808146078693,1,,1
1.4757939546224659,0.4097076970193802,0.0017385518105274666,1,1,
1.2125362934731847,0.5893993926975719,0.22743741987065044,1,1,
0.8072549044048617,0.4868412250133512,0.1362598404700975,,1,
1.531755693281978,0.08381001398605567,0.42146930501371943,1,,
0.44177992165461294,0.011937285708590916,0.6120044437476099,,,1
1.309515376601485,0.18723652233695195,1.705586751776714,1,,1
1.4023157589421287,0.04455362551790465,0.07138267044739421,1,,
0.4313791828234033,0.3320795031259754,0.711114683983315,,,1
0.500430145445661,0.3393223885859559,1.0797149507449668,,,1
0.282670449540656,0.26005055559709944,0.21882663151696566,,,
0.036119836103118357,0.34044702880255046,0.4077528926682807,,,
0.5313350631974949,0.12413634917903783,0.21507639364730688,,,
0.7142771559534965,0.1910213756110257,1.0742518819731037,,,1
0.6114494195696739,0.538663872401658,0.28975926553143244,,1,
1.6188111645102345,0.2319578052248379,0.7184030030430132,1,,1
0.883286229494338,0.34685781821093276,0.41558610460108775,,,
1.4861118010055039,0.11232296193982495,1.5656157173754608,1,,1
1.4274145079181222,0.292223562358018,0.4770920347184026,1,,
1.724669359628212,0.512164396320046,0.3846646134392758,1,1,
0.7342990350091384,0.2358319505421217,1.1066887420349263,,,1
0.5246249000721429,0.10391508187033761,0.1834912882445405,,,
0.9981858965860576,0.09631710113044678,1.4416727153374,,,1
1.7892545794084054,0.38975161183586154,1.3942898885665396,1,,1
0.3168929378370187,0.14626026820282423,0.5267092722024955,,,
1.5303423625428698,0.5630874747348016,0.41700933352622976,1,1,
0.4143913987042024,0.33334329300122967,1.5801588322172773,,,1
1.5248671421756033,0.15662906482341976,1.7903013485850963,1,,1
0.5445749925980041,0.08506963377464684,1.093413588972704,,,1
1.6504557327626488,0.07005399079405063,1.0543461714307625,1,,1
1.3237141875352778,0.44780603179433826,1.7846681986991482,1,1,1
0.40609039540231223,0.3575578795152129,0.732727969441437,,,1
0.8391199340290749,0.29552297358488994,1.545179209584074,,,1
1.4863337105415877,0.3345934012539266,1.5045801152735239,1,,1
0.5370220905247575,0.20649245656273826,1.7250971122625296,,,1
1.5003376567787374,0.42822946512477766,0.9918517860322169,1,1,1
0.7760010286287774,0.05777853793444234,0.7530673858273094,,,1
1.7224561740125692,0.32516312681193527,0.4957168905609869,1,,
0.38798088400103237,0.1716679703765184,1.755870259969794,,,1
1.5880058662233183,0.43638935560863396,1.677332905087299,1,1,1
1.0617164326782098,0.07380947582517418,1.6853788727274277,1,,1
1.2247605782670812,0.2625664055913071,0.5251188950276041,1,,
0.9727414493950075,0.15438004731695512,0.36765515015952716,,,
0.8249937793293229,0.4093466103757606,0.2890987590267565,,1,
0.5849428070439197,0.13625989762204627,1.0464302089057265,,,1
1.5235309937559096,0.21255515121185364,0.5062463736465866,1,,
0.969078210677191,0.5086118961203376,0.13229009684676216,,1,
1.1837647136565,0.4563154816031081,0.5725639548786675,1,1,
1.2718513037340402,0.5186699542711558,0.898071096822994,1,1,1
0.03242080415271338,0.299932942698857,0.7554591783959721,,,1
1.3012482478456455,0.2028740658458884,1.7109955718619003,1,,1
1.293073027242472,0.15306658984990934,1.7223715581242094,1,,1
1.4133543511672415,0.013628242884027041,1.401277258823181,1,,1
1.7117291861258106,0.32278154684097965,1.4617036910290453,1,,1
0.5048874709649671,0.3803765459634252,1.617966704372524,,,1
0.542688091969911,0.14618811087752076,0.7703584906241403,,,1
0.9793692452588553,0.44803246071296815,0.9378995808544308,,1,1
1.562405430995537,0.5415301268109189,1.3473405198560604,1,1,1
0.2896799136796854,0.5796989591129321,0.447969471013337,,1,
0.671927324256061,0.2555970618680862,0.0844201087782499,,,
0.11463153285959163,0.3537116035482773,0.6135862412207733,,,1
1.5788799744728321,0.07104253964975067,0.7602062336918787,1,,1
1.4529871491824358,0.27978128767888233,0.18061006307671362,1,,
0.9333396203472708,0.5854045886433201,1.5468147189893362,,1,1
0.29409976286013234,0.15295849560752875,0.40770402489940105,,,
0.9940562598771855,0.4595636411168495,1.5184820838007043,,1,1
0.5976187881575691,0.027793587662440267,1.3004582604149677,,,1
1.1125434948319612,0.2991372345727878,0.35183973075372954,1,,
1.2884661338762808,0.18875424428134815,1.7652876716063455,1,,1
1.6377448947278603,0.1969724577821018,0.9294132061978768,1,,1
1.2242927603263833,0.12727926925273633,0.14175952035176873,1,,
0.5314744485300517,0.4641848770986953,1.1647328758137396,,1,1
1.5812619619423454,0.5257452278978606,0.5443677842693819,1,1,
1.5353453717930858,0.3525512023332143,0.7256029095390985,1,,1
0.23050520575511504,0.033702568709655066,1.0292808545693648,,,1
0.6381652129772307,0.5322794797906343,0.06604112492165981,,1,
1.7531702170907633,0.14473544339957287,0.9563181591877062,1,,1
0.6858399585124683,0.3156391638741006,1.4942621172707455,,,1
1.5888100869376107,0.4383808021226279,1.6554988345214858,1,1,1
1.4804640199388364,0.18769435163903303,1.5512953447751747,1,,1
0.9542382588776359,0.5611977047634517,1.2674571998793451,,1,1
0.6939784848296646,0.3798343015357745,1.470845250203358,,,1
1.2198233074006857,0.2227529637724992,0.604917995491668,1,,1
0.980768997302438,0.5406332937713811,0.6969044149913577,,1,1
0.22964196637959758,0.05108063928406359,1.3152872115325547,,,1
1.6514509634698775,0.38568995104498655,1.507639966229138,1,,1
1.2466405470179147,0.23740574579423934,1.606634800076857,1,,1
0.7373965768689699,0.5535000185203925,0.9203668803225068,,1,1
1.3120757055369308,0.14841496178127475,1.3264967412571675,1,,1
0.06072350000830649,0.5814390720322707,0.4909161836607553,,1,
1.7693720402003403,0.039870505804585156,1.637102309743637,1,,1
0.586747719875509,0.35151653007836975,0.7496683986373052,,,1
0.39812287738550795,0.5402304340700173,0.8348810005288356,,1,1
1.7297038543444456,0.32159592964679856,0.675751245233051,1,,1
1.3114392422205785,0.46633217926765563,0.42259228168320445,1,1,
0.3437512368787046,0.09658176191050957,1.4195584947473885,,,1
0.5485831946133203,0.2468729220190712,0.7051309232941809,,,1
0.5541797647455807,0.52174180657364,1.3290481548958313,,1,1
0.1713161869322609,0.15012081661001878,0.2846990615336526,,,
0.0382738620375243,0.07950614242906048,0.7301989279618765,,,1
1.5876133602305949,0.5435099448968387,1.691763911876803,1,1,1
1.5065319157408708,0.3927159261898637,0.22889898751078291,1,,
0.05703698931452766,0.20514057694632423,0.754907950577025,,,1
0.8085424875928648,0.13836581866806844,1.1490127718612113,,,1
0.8043311403135316,0.24490982410030093,0.13095185713912785,,,
0.6398470584422438,0.42317338662029863,0.14534784314803756,,1,
1.6880394883727297,0.49288369080171596,0.06930063856077522,1,1,
0.5794146964041377,0.26302866460622143,1.5528505200326137,,,1
1.6559540736720373,0.5038146742986662,1.558879287999541,1,1,1
1.3159811194255981,0.08580805941572633,0.699251655136336,1,,1
0.5050587299310736,0.21682955889298425,0.650081513059145,,,1
0.790465803203532,0.5043706364951404,0.012523868686213468,,1,
0.20658766856151783,0.06853350592122705,1.1702000080271984,,,1
0.6594042182730971,0.4116209769330196,0.18240142912881638,,1,
0.4781921643956745,0.1365343181745313,1.3672650957180152,,,1
0.32806094261050717,0.48892431461630553,0.6077997574446369,,1,1
1.4534827658146772,0.5160956462771342,0.6678288459737148,1,1,1
0.45841883571327496,0.4779310783449964,1.1548426659123898,,1,1
0.2710422031276842,0.04533091376282561,1.4535898341336044,,,1
1.279897583833061,0.3936102185172704,0.3790648307372907,1,,
0.9114532720032017,0.5368345451581288,0.7175715632142862,,1,1
1.3562949786030036,0.4908507355581954,1.542925626179802,1,1,1
0.23307509760412573,0.14850203630939807,0.4983970385214647,,,
1.1996241712278717,0.43219699732625866,1.2925631351852784,1,1,1
1.1581904912876855,0.24569553192610238,0.33278557719768953,1,,
0.700197011308748,0.40484895540498317,1.2873572564771925,,1,1
0.41635564303243394,0.45132999127638634,0.08154873459540238,,1,
0.4685396271333148,0.10865484442452429,1.0153374958212513,,,1
1.0242365467461487,0.0488232933085744,0.1721283855473342,1,,
0.2350243048997158,0.12606127118930333,1.7770731525051875,,,1
0.5888947402661476,0.3078012310720805,0.8878151898363426,,,1
0.44275659150579905,0.35097209101403004,0.23674569591798525,,,
0.769469055790787,0.33295999316073704,0.7121075869489227,,,1
0.37683346571643933,0.4774772717175353,1.7608269238403467,,1,1
1.0458281981805932,0.18870650413979387,0.4706466692709672,1,,
1.7365172867837846,0.46542562357093076,0.538700997691751,1,1,
1.657351638412469,0.13457085223974008,1.3853222323515835,1,,1
0.26496948718407254,0.03160187768286917,0.7235143617377996,,,1
0.21957415442062772,0.1709565835964459,0.8190807321468341,,,1
0.7307814678025535,0.5630794247172759,1.345620959341751,,1,1
1.0162823452752048,0.4323379328554352,0.8054475940468424,1,1,1
0.1650985846840958,0.04629486824946858,0.34159361161841656,,,
0.24185592999833824,0.10756739699568951,0.05403695380591054,,,
0.9085937909789116,0.256426556568049,0.1800201090599178,,,
0.1400630636750018,0.09453611597819533,0.1855162062368857,,,
0.9216948562517014,0.23386037320682027,0.420287667451788,,,
0.2190823755165235,0.1711180624862967,0.8182229830467402,,,1
1.0477337918111045,0.4155783192827424,1.3029553857087446,1,1,1
0.9915435591431846,0.5043787525547974,1.5060389868168897,,1,1
0.4641864949610446,0.14224750893658697,1.2061002006267891,,,1
0.3206683907176653,0.31096265189416816,0.7755277651302285,,,1
1.1891056901713601,0.515015302313695,1.256273306879263,1,1,1
0.3238812878445695,0.100433102516713,1.2351208227462205,,,1
0.390123828650044,0.5921324157865071,1.1976480135550516,,1,1
0.9352235792224046,0.3127257332546359,0.8195166461435036,,,1
1.3797286837288147,0.5999613576216214,1.1804504482372276,1,1,1
1.6434579766847492,0.5075513956550591,1.5114187858363979,1,1,1
0.434133257947627,0.37099210674009603,1.6141856205159228,,,1
1.5309465940104654,0.03510710894216693,1.4941336517351222,1,,1
1.5465691155210706,0.30509240706638524,0.654844707402379,1,,1
0.27150186844760893,0.44621338194754556,1.5254273880880895,,1,1
0.42242730698283076,0.4910511862647344,1.2350893188657945,,1,1
1.2252750037634714,0.4727398609877855,1.675423342810402,1,1,1
1.1619149703269431,0.28859136517704026,1.262076755355599,1,,1
0.6212138635086437,0.09252327771425448,0.9769228958218759,,,1
1.3959239365444023,0.24721266192413152,0.5682612874641069,1,,
0.589743887846698,0.5622233544727073,1.4374842187061863,,1,1
1.1894721757616329,0.3719481860240624,1.084434790225311,1,,1
1.2362801547854223,0.4888670722810746,1.5598833436715314,1,1,1
1.5802590607756364,0.42339216681759756,1.499245360028502,1,1,1
1.7223204097912572,0.48468248081871934,1.5455893503747733,1,1,1
0.30714228613462996,0.4106747018017133,1.5121959268115115,,1,1
1.5709085581677324,0.10761460296741922,1.5822654284121178,1,,1
1.522603863029157,0.10984435319460914,0.6710512252053855,1,,1
0.93342042345099,0.17338624836615524,0.1359869088737023,,,
0.744733330645423,0.5368597962312758,1.2162841677391547,,1,1
1.7634968584577053,0.41171066967009423,0.5870770952781266,1,1,
1.402091985107258,0.28397530541032096,0.5564226278667014,1,,
0.014170830004416502,0.33298843040343923,0.8077336161985083,,,1
0.8519066300111923,0.12985097790488814,0.3176328971983997,,,
1.1494210456132767,0.2726873170476141,1.7015203724994212,1,,1
1.3297093745988102,0.2006618289134701,1.6690653107913471,1,,1
1.1892743918530113,0.2643794985559233,1.1399008033046325,1,,1
0.23074362460617323,0.3062072728893575,0.9488581418447072,,,1
1.584561664994809,0.4072335471500621,0.030757579897901954,1,1,
1.7863233541854822,0.00830105948703359,1.7119489066567166,1,,1
0.3017870714249526,0.15148081904710423,0.42933807860673084,,,
0.10825205293059247,0.2780867680419847,1.0950922622798689,,,1
1.470026065403146,0.5239566184267602,1.6953723352670196,1,1,1
1.591640243334869,0.3250402173005508,0.33284061684284727,1,,
0.17876805872766482,0.17781729590567466,0.6278824989596256,,,1
0.2027455738621231,0.33149788677054315,1.1525871663723106,,,1
1.5951091812452312,0.3137343100912186,1.5646604450412265,1,,1
1.4373207408650004,0.37647432320620705,0.2609113819738462,1,,
0.014604785306224999,0.5308665625666774,1.4645381054644087,,1,1
1.736928979076294,0.26134437701942353,1.3719944821437637,1,,1
0.33917014543672563,0.2601596965635988,0.5012519840952258,,,
1.1815589893514207,0.39036314232344227,0.9783974902072686,1,,1
1.2488918372997833,0.11971594873926718,0.0007575021602323596,1,,
1.7003746623207556,0.1790276990014002,1.53637439735116,1,,1
0.736557685776251,0.30283163377669325,1.2446169720755729,,,1
1.5103523740322868,0.3535553552679705,1.7690375776164682,1,,1
1.3707640223638464,0.428961593921192,0.3012570960938806,1,1,
1.0379647845037436,0.12893793842968074,0.08598971200664822,1,,
1.2459853882269891,0.16952770707333845,0.9564818632685473,1,,1
0.8855295812639715,0.21378276586781167,0.34006821925592967,,,
1.3799071482842669,0.017906981943506105,0.6085302080330895,1,,1
0.988763644688499,0.1334411847673232,1.6604454315288864,,,1
0.7199814800333396,0.12514283392225248,0.7852229785613613,,,1
0.026173206895153813,0.1642813709308281,0.1230774197600105,,,
0.9829321718262412,0.5015253968602685,1.2446062223339005,,1,1
0.0820163517807173,0.04131123445739282,1.4987337680276844,,,1
1.327761590603072,0.4876785452465222,1.7128494855515044,1,1,1
0.946872203305905,0.06999485406079972,0.13072009274221977,,,
0.6155992206542639,0.10839106073162526,0.3437348572077906,,,
0.8942452628085586,0.4268246296606377,0.1174177174483254,,1,
0.09489085750865922,0.07418110446030284,0.5709742981946889,,,
0.5141586755918446,0.4262121535687346,1.7537058601793414,,1,1
0.1827146212881425,0.061449243508516965,0.1892202533322478,,,
1.0968973446928196,0.28432140416451723,0.6982711379809053,1,,1
1.5897294671098676,0.044394072013608545,0.22781678976467573,1,,
0.03271644858288254,0.1977488246195447,1.7178284160255652,,,1
0.4693890449561775,0.2556792431854458,1.689740014411593,,,1
1.0242829530517201,0.09686369690591838,0.526966387902044,1,,
0.24159291091208995,0.3935866650177629,0.42249249251523685,,,
1.1110673990780917,0.41299908152499704,0.21862312652149726,1,1,
0.1899860150592549,0.39560794755007506,1.0031896532493842,,,1
1.3677424461589196,0.2503296485085238,1.2097061657096195,1,,1
1.167072241411619,0.4339689931500151,1.3891332814677437,1,1,1
0.2890644489160276,0.23502281864646918,0.5934097145313506,,,
1.0734186541902104,0.3882196732324669,1.2231567866308886,1,,1
1.4268991893502587,0.41161272173822455,0.029873823051638104,1,1,
0.8008338147346872,0.28775794246048697,0.1635397646879554,,,
1.7753060286577103,0.35254922906586594,1.6578918183063491,1,,1
0.9439914976276828,0.48093152556546515,0.7061535570809413,,1,1
0.8945835983795081,0.29413688385772374,0.24767627920055155,,,
0.7478433012301622,0.2834592369960788,0.4777221964868604,,,
0.13641512100335773,0.1655133692081068,1.7063571026738562,,,1
1.5242042289731283,0.010254116288176985,0.4796269423918862,1,,
1.7182412823546478,0.14316861644124265,1.575475708871749,1,,1
1.6254488915430294,0.34464226690235744,0.19753552478305894,1,,
0.2780312446154474,0.5863369721324975,1.43107545448247,,1,1
0.4327707524053884,0.512828430933018,0.28105233938591306,,1,
0.43605689213329,0.23968889070256813,1.5454127104145592,,,1
0.2015665363435829,0.3747511665805778,1.4891100494789211,,,1
1.0287045491872941,0.01633184178383431,1.4900412764176691,1,,1
1.4747740583236664,0.05807484944603673,1.0268546912042245,1,,1
0.6942420944896872,0.47011536118689445,0.35670009326470986,,1,
0.4105882352446142,0.30926027219559343,1.4704662906213364,,,1
0.41340580074267863,0.192824576347598,0.3364146608042904,,,
1.7262958072197097,0.3297587642835605,0.45652824283451193,1,,
0.2112240753532885,0.24761177793222566,0.21644452219125573,,,
0.6789540362410234,0.5319069924671692,0.21960800560099733,,1,
0.16215930704298703,0.12034611590568009,0.7208536538299964,,,1
1.3688719699721987,0.37802018705786616,0.6468085090475467,1,,1
0.1513779138944654,0.5072620109207868,0.5001767778970256,,1,
0.4830156869317879,0.1545289632754956,0.8840015147913355,,,1
1.4995189580704602,0.05168601092694749,0.08519299225609304,1,,
1.2798627533101519,0.1754185308226985,0.9579095091946174,1,,1
0.5713779650508947,0.07436438500057438,1.2907367794868772,,,1
0.020004279864267515,0.3672162173478882,1.613906797370568,,,1
0.8151770019621931,0.15895411718757635,0.6863013602412216,,,1
0.8493378723592805,0.5015946574773511,1.15541962652725,,1,1
1.075965911386346,0.10762279869944759,1.226362591348204,1,,1
0.29854487414299896,0.5369951806258545,0.3735261001365077,,1,
1.373824370528232,0.2803098092401108,0.7156221008792317,1,,1
0.7621930110754914,0.01828106323934062,0.8121710527050813,,,1
0.46102958908046315,0.37652442856019724,1.4513303220290554,,,1
1.3431610128637348,0.19769906291210965,0.16951000144185482,1,,
1.5155222689952665,0.3996027300756649,0.5592140638788589,1,,
0.45774819028314745,0.4844879251046945,1.530026586683841,,1,1
1.1977120484329464,0.3215670575071318,0.10986276755130742,1,,
0.2998690973720491,0.23781149908802948,0.3470816968113796,,,
0.02125506648981741,0.3988701714172928,0.7630843235120219,,,1
1.774641734324108,0.25535271553395983,1.0856991785500276,1,,1
1.5856919850994826,0.4565480028611163,0.6492997814222312,1,1,1
0.03055683505843554,0.4447540949153033,0.6532250013720148,,1,1
0.09056610168730837,0.3317969305193636,0.7974801701711423,,,1
1.7161337825628402,0.3623618341892527,1.0350487252005602,1,,1
0.6579634794031235,0.5359958046436465,0.8838959174054398,,1,1
1.1336733789244184,0.034365589308901386,1.4900920592256328,1,,1
0.9406435731719268,0.3140802435309228,1.4923065151190211,,,1
0.14959196648423023,0.32540966344326316,1.2639256618647712,,,1
0.8688561982709728,0.45431425489263094,1.2470772816659181,,1,1
0.6595579947522218,0.38114018200447125,0.4695153922569353,,,
0.728576127358983,0.21112795308327034,0.31432488234459505,,,
1.1240212474571372,0.5215081162188288,1.7270434012976046,1,1,1
0.8837630823003957,0.2998776680677628,0.5130067261658056,,,
0.2786295175160069,0.00473017259582158,1.0038206791484754,,,1
0.8329564550155597,0.46513633644940183,0.05805873003033344,,1,
1.2658161765156637,0.4432616560819738,0.6069969171136492,1,1,1
0.645595474575416,0.18793197674428033,0.1508382462015367,,,
1.7134680868519803,0.28996181279954303,0.8056338445983615,1,,1
0.2364668708087467,0.03643211191986923,1.2600400403941023,,,1
1.7510505198588382,0.11097709793039946,0.9892287902578442,1,,1
1.150590894840478,0.4265855095082739,0.34575834872060757,1,1,
1.4662025255223365,0.1191726010571384,1.3966226587654436,1,,1
0.9814215102783658,0.30435109110338154,0.7232183371816879,,,1
0.8786549070080795,0.5249276360067235,0.014435814892241728,,1,
0.8963093666043767,0.44245207798088143,0.032942905528104284,,1,
0.6409546665517881,0.5080449758332104,0.5210262084695177,,1,
0.6205773040298711,0.5233886055001152,0.5228707126249212,,1,
0.47612368638211283,0.04875558163762252,0.9340441950288767,,,1
1.5859666972260573,0.18022657694714908,0.7630276441336877,1,,1
1.1410183309467181,0.11870930354759417,0.8716235646108172,1,,1
1.1419042700169306,0.1418674918786724,0.718837395719763,1,,1
1.7008059599683316,0.45994694150722093,0.23162012289103356,1,1,
1.6358947704462985,0.5222709382982167,0.22247136010390853,1,1,
0.7485113251017566,0.1900164168702047,1.1898505216599518,,,1
0.2103599967053391,0.18269795539947997,1.6272019437811442,,,1
1.5847424196953692,0.36894782957958805,1.432644386769458,1,,1
1.0316157676480566,0.5267796750027863,0.6741519745110883,1,1,1
0.5434710818642841,0.32672971033872433,0.21520068837239983,,,
0.04514146781348032,0.2300154557808166,1.517154751169359,,,1
0.8759070719017304,0.10121984897725553,0.8164157512413881,,,1
1.7650519317046738,0.024097366596002676,0.5844377254233173,1,,
1.135039252758197,0.26896878664365886,1.6464285362332738,1,,1
1.7219516671343855,0.4408550363118853,1.4107250437236754,1,1,1
0.03938899812380186,0.09494878545958542,0.1259964850752055,,,
0.9667602948009749,0.06362758059464373,1.359427885565473,,,1
1.6310918436562525,0.40517939581309453,1.1324362932855134,1,1,1
0.0089194301649955,0.29202663564185866,0.5949881075630579,,,
0.38783327101772747,0.3469462918257869,1.5299265758689065,,,1
1.0354783999795982,0.20143906107422213,1.5301830271062415,1,,1
1.1776564994196859,0.2550530590743287,0.7366141293363424,1,,1
0.6590686675398564,0.39039136997647583,1.2679672224007257,,,1
1.728140542803534,0.2297218863927442,0.6874152298797387,1,,1
0.43228981819699924,0.5257200572487452,0.792200473377131,,1,1
1.0748503879466194,0.48057366639180665,0.11943131164673847,1,1,
1.7216217395990674,0.21702096378677074,1.7605057706546896,1,,1
1.7631884773866562,0.1461529261837288,0.7430040796925003,1,,1
1.5502615371270259,0.36508688472583867,0.2820136653467191,1,,
1.1362723552192728,0.2883957187125162,0.016428184723061956,1,,
1.4336559992907454,0.04716582794338542,1.6525828378668856,1,,1
1.0789410025489279,0.5887778890090218,0.2585493219155062,1,1,
0.4372241137450864,0.552249478781105,0.9122745661631346,,1,1
0.474397546103198,0.3097946912223071,0.6131432991461787,,,1
1.6902034128387826,0.30687602770757966,0.10122266631598065,1,,
0.534358409196024,0.21349314631450272,0.02679586690725986,,,
1.4399233465878851,0.22205372756965613,0.6099086127293087,1,,1
1.5260056572437761,0.5560373513085566,0.12790294356606746,1,1,
0.8596616871389718,0.32554343388708823,0.6724732712339145,,,1
0.5112398742545343,0.26345542448897635,0.77861886378363,,,1
1.1926244546164315,0.5278784760338655,0.31451551530417005,1,1,
0.7113361554010161,0.1730043573093743,1.2893130269028168,,,1
1.2745099251668528,0.3865194228311641,0.06077637981388722,1,,
0.333791953546377,0.5041235131670908,1.0159168356137147,,1,1
0.5600176974084843,0.08631387529935604,1.6995612045177177,,,1
0.7199808014271388,0.24750651990622316,1.050564420341137,,,1
0.37076817237473364,0.507684379789912,0.581895504765554,,1,
1.4665896452595506,0.2224150784185156,1.658424318263164,1,,1
1.421487033414547,0.5320921110573945,1.7938572628403224,1,1,1
0.01863088824376169,0.4365354391686156,0.8660556760037409,,1,1
0.7439743141548204,0.05802037617377487,1.7791450820010117,,,1
1.7611688441808027,0.03182369971484191,1.4961179837893004,1,,1
1.2953995243739191,0.07527388936621679,1.5375401731847138,1,,1
0.980911322656623,0.5637568789060995,0.5225665386132117,,1,
0.8485313107368186,0.5120644647965065,1.5924780170595592,,1,1
0.772554095947994,0.2520845139233538,0.9917141633741,,,1
0.9777540381838241,0.19612389884971998,0.7347522857434325,,,1
0.41001415114013345,0.14805283873930364,0.5699173799415722,,,
1.0510140568194781,0.12093086395137403,1.0654620166902706,1,,1
1.560064211550116,0.10858763067041137,0.1469093524646233,1,,
0.9516692960034132,0.567696295576104,1.30461837721271,,1,1
1.3712392249025382,0.09332029102096437,0.6033495509140162,1,,1
0.19010364783450584,0.06754458813747743,1.2031664608155022,,,1
1.2720267791326478,0.13520211504653434,0.24473676104679098,1,,
1.5929567903555335,0.23220359931906973,1.5538698206272712,1,,1
0.6611023608049892,0.08284606193893503,1.6090253701052133,,,1
0.1954239513779587,0.2838227891659047,0.7156723888983424,,,1
0.05790668252150737,0.5018248656763188,0.5081824413457884,,1,
0.19611537572339202,0.2797532946737032,0.5621935011365504,,,
1.0373417054985858,0.5054911937901815,1.0356259770127818,1,1,1
1.0859191130446342,0.4300256871011294,0.21761585311798845,1,1,
0.10919800866968912,0.3498747811446051,1.6527020941667194,,,1
1.2671205247000366,0.3045099793262624,1.0712966701317663,1,,1
0.8871090664072276,0.337545185904513,0.10079565845281094,,,
0.06764771814158853,0.4466644868676293,0.27796901360656795,,1,
0.9197499309003963,0.5446930539070641,1.606583122628443,,1,1
1.1203529188230852,0.5232565863600519,1.6633965739339052,1,1,1
1.013126626033144,0.362508114704305,0.3615194440947111,1,,
0.7716207514619206,0.10144082923688658,0.6669775724971008,,,1
1.3089239646074702,0.2383463652983035,1.097656183170363,1,,1
1.4718642537932967,0.2633841039616172,0.11505717891482872,1,,
0.9797479327220925,0.013613181120669381,1.7382404428393934,,,1
1.4353267486972474,0.17518908817856413,0.18509837829786163,1,,
0.07162026731565559,0.1463441250786656,0.1398883376947913,,,
0.5937795891105674,0.5984717130293112,0.9780861796441421,,1,1
0.924100896669171,0.42818536341992347,0.49712475961467095,,1,
0.8209722101560428,0.16046863040052886,1.1571263675769932,,,1
0.8749784377282273,0.5111922202360886,0.38681386371690274,,1,
0.04016032900378932,0.02993153195237379,0.624983262325677,,,1
0.5594007237499948,0.33978024541147167,1.5183109859716852,,,1
0.3475572657031564,0.0233944547903002,0.22540411352971088,,,
0.10286977777575146,0.32024215121393046,0.45558946227448155,,,
0.352877269842244,0.14923688943227795,1.2027813040971167,,,1
0.6869627588646954,0.28635304070418566,0.5957753350369386,,,
1.642640613372865,0.20673608041492064,0.2727194444456302,1,,
0.1663049431434571,0.3053537221542804,0.9623305724164669,,,1
0.9075497281029105,0.25833580948630647,0.3979198537352009,,,
0.9912405523957094,0.46815295490144565,1.4872691858393696,,1,1
1.0426074224551685,0.47536720300668334,1.6750861037465254,1,1,1
1.1163580736316197,0.4257469197693851,1.521797634774596,1,1,1
0.26770189237935876,0.3528574612448054,0.8012293619818186,,,1
0.3446783177098835,0.011642046493280689,0.47468481338544904,,,
1.2741484325699155,0.2706434805496624,0.9664679742267772,1,,1
1.0448803430032378,0.5872552949527677,0.7179390897829824,1,1,1
1.7259344240017018,0.5088784673988777,0.3809241502308868,1,1,
0.920858925587919,0.14405324818981372,0.9016077902599734,,,1
0.2059362153151913,0.5013366845800905,1.1707285216452512,,1,1
0.39012521679832135,0.5209126629459122,1.507171290280496,,1,1
0.4555109760744172,0.3024956127660064,0.47824829775807703,,,
1.5094990260675132,0.06332982864950876,1.07083428360542,1,,1
1.76993130888524,0.5245856552320303,0.9380312048265179,1,1,1
0.8688698072895793,0.16850934780313012,1.289347244186625,,,1
1.0028559579643577,0.23060483937527654,1.172764983981552,1,,1
0.923399977641322,0.05547644721737253,1.2220882098708714,,,1
0.3033879256202192,0.01723057939332575,0.02473043400493933,,,
0.546560546402209,0.45194228617169313,1.2346614075868487,,1,1
1.6725716063586598,0.08300992627943472,1.4957849420553684,1,,1
1.6750708067995481,0.012368329625171781,0.22698328438572138,1,,
1.4235298764404964,0.39913740372568374,0.43822881889565213,1,,
1.5759386861482545,0.3391020501579815,0.8176250624002139,1,,1
0.036079804172561694,0.3063010602252179,1.5291224720875953,,,1
1.0294269560842795,0.35374396795529045,0.07300360572159333,1,,
0.7324562694118821,0.05009713561517315,0.07744992722870661,,,
0.8020640171272487,0.4863185815763157,1.2174223415980505,,1,1
0.46744797558527135,0.04073842798382521,1.74768256750125,,,1
1.7155583044392848,0.2610318150387778,0.8843181562170551,1,,1
1.5008320132165667,0.3393286622060751,0.4338822085765326,1,,
0.06945037347403125,0.3529482261682307,1.0753442742038892,,,1
1.650298573902819,0.2050488538335174,0.33956973433629534,1,,
1.0139981196937289,0.43284523867404395,1.565586216510367,1,1,1
0.5493536644540638,0.3863287948249596,0.46933735351303724,,,
0.14857463593353296,0.5566675944044709,0.592304093834171,,1,
1.4834760375364708,0.22553813996496008,1.6924843672987726,1,,1
1.4813426018313638,0.22260513500529291,0.8185021486877844,1,,1
1.1037115496286891,0.3280844265472645,1.4555381226662434,1,,1
0.679284825786238,0.08019502922073275,0.14941366585328814,,,
1.7290567429043848,0.07839629603735143,0.9559576651948901,1,,1
1.221538118795777,0.02775062560966335,0.7619648194634023,1,,1
0.15317175242312667,0.4790096148764213,1.4229122164894892,,1,1
1.4388285713754716,0.5333899900842292,1.364761843673837,1,1,1
0.720124672182212,0.5756591661443857,0.7528176698998007,,1,1
0.33019261720334675,0.5239731098902749,0.668327159210809,,1,1
0.09454636821869743,0.24225025838973083,0.4322951176886855,,,
0.5418006314386011,0.32636964708406907,0.9027799378275311,,,1
0.7618642444616349,0.3561532660634192,1.125530621796445,,,1
0.6730220498637076,0.415234050576191,1.3605040066355627,,1,1
1.4670559624612884,0.1361901750658837,0.12663502203343277,1,,
1.7495002294402917,0.4733021593259291,0.1459285847286137,1,1,
0.49632774380409306,0.41237219764371735,1.5114354509675099,,1,1
0.501111191756805,0.5099418971449645,0.357263982662928,,1,
0.6893159927102023,0.016528705803286248,1.333909633209906,,,1
0.6114228640037661,0.045013996730846446,0.6950505104948402,,,1
0.6401793001571386,0.1564018626353796,0.24803000008856135,,,
1.0098791271960088,0.5028139447919906,1.0608207157160474,1,1,1
0.3937282972537521,0.10027264734878627,0.19759339298249265,,,
0.33795394264185197,0.5170265463470519,1.3902067083270584,,1,1
0.21104731588905565,0.11881433743845476,1.419445510417197,,,1
0.579108096282512,0.031697717893738674,0.5388668136829903,,,
0.08298931577302625,0.222964413878895,1.5860750595513087,,,1
0.9437233417066323,0.06931924159325469,0.21800278232064918,,,
0.8051420515489546,0.018466297635660323,1.0710403915756073,,,1
1.0714667735871442,0.21326868579911476,1.233976334437708,1,,1
1.758864261782119,0.23774604315630254,0.919185404130343,1,,1
1.0729602577358224,0.41351922098567184,1.0049630117159807,1,1,1
0.7294545582771711,0.3516770694038525,1.7416796891769268,,,1
1.310562875684014,0.3661350982375386,0.2893524763598605,1,,
0.4391654157083351,0.18294486105633062,1.0885301494461563,,,1
0.6357493208683705,0.5537136736133973,1.4489269642452651,,1,1
1.6146403130649016,0.5789655852535364,0.007048890233202765,1,1,
0.9569510414022061,0.09182200076874669,0.1609050379686492,,,
1.6465404539182023,0.4587072364565325,0.027124253444621927,1,1,
1.453371518088358,0.38781405291308124,0.4264884459233897,1,,
0.043041562632836115,0.3417016679484223,1.7580315933310517,,,1
1.518544757633939,0.5149349639978675,0.21054914931356578,1,1,
0.24133514236901188,0.29528907747618655,1.0562761669592282,,,1
1.282596627049574,0.45836190149268624,1.3626282835687589,1,1,1
0.1125609984748364,0.36773166395649004,1.358584937150669,,,1
